,SHOCK_Index,VOL_Base_Index,MDI_Index,LEARN_Index,ESCAPE_Index,IIP_sa,INFL_sa,EXR,l_SHOCK_Index,l_VOL_Base_Index,l_MDI_Index,l_LEARN_Index,l_ESCAPE_Index,l_INFL_sa,l_IIP_sa,l_EXR
2022-01-09,0.0,0.0,11.4,0.6,20.0,100.82224539820076,0.084322214070176,107.81181999999998,0.0,0.0,2.517696472610991,0.4700036292457356,3.044522437723423,0.084322214070176,4.613359019763363,4.680387299959412
2022-01-16,0.0,0.0,12.2,0.8,19.6,100.80751045239656,0.0842511716168781,106.92812,0.0,0.0,2.580216829592325,0.5877866649021191,3.0252910757955354,0.0842511716168781,4.613212861317966,4.672156833018571
2022-01-23,0.0,0.0,15.4,0.8,21.4,100.79277550659236,0.0841802487710596,107.032325,0.0,0.0,2.797281334830153,0.5877866649021191,3.109060958860994,0.0841802487710596,4.6130666815071555,4.673130891641781
2022-01-30,0.0,0.0,14.4,0.8,21.2,100.77804056078816,0.0841094452307844,108.15076,0.0,0.0,2.7343675094195836,0.5877866649021191,3.100092288878234,0.0841094452307844,4.612920480324683,4.683526179651307
2022-02-06,0.0,0.0,16.6,0.8,22.4,100.76330561498398,0.084038760695404,107.8043,0.0,0.0,2.8678989020441064,0.5877866649021191,3.152736022363656,0.084038760695404,4.6127742577643005,4.68031754636211
2022-02-13,0.0,0.0,14.6,0.6,20.2,100.88918276606206,0.3013254693393197,107.32684,0.0,0.0,2.747270914255491,0.4700036292457356,3.054001181677967,0.3013254693393197,4.614022714140301,4.675878758151878
2022-02-20,0.0,0.0,15.8,0.6,19.2,101.01505991714016,0.3004202266813083,107.76114,0.0,0.0,2.8213788864092133,0.4700036292457356,3.005682604407159,0.3004202266813083,4.61526961381625,4.679917111110739
2022-02-27,0.0,0.0,16.2,0.8,20.4,101.14093706821824,0.2995204067962165,108.223025,0.0,0.0,2.8449093838194073,0.5877866649021191,3.0633909220278057,0.2995204067962165,4.616514960669409,4.68419414414328
2022-03-06,0.0,0.0,16.0,0.8,20.0,101.26681421929632,0.2986259611027275,108.90986,0.0,0.0,2.833213344056216,0.5877866649021191,3.044522437723423,0.2986259611027275,4.617758758562577,4.690520567621706
2022-03-13,0.0,0.0,15.2,0.6,19.6,101.24000294556136,0.0801892629154199,110.02108,0.0,0.0,2.785011242238338,0.4700036292457356,3.0252910757955354,0.0801892629154199,4.617493964771761,4.70067198379615
2022-03-20,0.0,0.0,16.0,0.6,20.4,101.21319167182644,0.0801250112594909,109.83482,0.0,0.0,2.833213344056216,0.4700036292457356,3.0633909220278057,0.0801250112594909,4.617229100846622,4.698977600842937
2022-03-27,0.0,0.0,16.6,0.8,20.4,101.1863803980915,0.0800608624844212,109.51482,0.0,0.0,2.8678989020441064,0.5877866649021191,3.0633909220278057,0.0800608624844212,4.616964166749997,4.696059882564343
2022-04-03,0.0,0.0,17.6,0.6,20.8,101.15956912435657,0.0799968163432751,109.29598,0.0,0.0,2.9231615807191558,0.4700036292457356,3.0819099697950434,0.0799968163432751,4.616699162444696,4.694059615000163
2022-04-10,0.0,0.0,15.8,1.0,19.2,101.12965557631604,0.2267192079857372,110.15534,0.0,0.0,2.8213788864092133,0.6931471805599453,3.005682604407159,0.2267192079857372,4.616403412156436,4.701891551419612
2022-04-17,0.0,0.0,17.2,0.8,20.8,101.09974202827554,0.226206354729852,111.02084,0.0,0.0,2.9014215940827497,0.5877866649021191,3.0819099697950434,0.226206354729852,4.616107574374066,4.709717931437679
2022-04-24,0.0,0.4,17.8,1.0,19.2,101.06982848023505,0.2256958164506883,111.51188,0.0,0.33647223662121295,2.9338568698359038,0.6931471805599453,3.005682604407159,0.2256958164506883,4.615811649045803,4.714131132309638
2022-05-01,0.0,0.8,18.0,0.8,19.4,101.03991493219452,0.2251875775091116,113.7064,0.0,0.5877866649021191,2.9444389791664403,0.5877866649021191,3.0155349008501706,0.2251875775091116,4.615515636119816,4.733619687650806
2022-05-08,0.0,2.6,16.2,0.6,18.8,101.00843721876214,0.2207533577539111,114.46302,0.0,1.2809338454620642,2.8449093838194073,0.4700036292457356,2.9856819377004897,0.2207533577539111,4.6152040501716804,4.740251801396121
2022-05-15,0.0,1.8,13.8,0.8,18.6,100.97695950532972,0.2202671107110143,115.30248000000002,0.0,1.0296194171811581,2.6946271807700692,0.5877866649021191,2.975529566236472,0.2202671107110143,4.6148923671074815,4.747558936150374
2022-05-22,0.0,2.4,13.2,1.2,17.0,100.94548179189734,0.2197830010447488,114.43122,0.0,1.2237754316221157,2.653241964607215,0.7884573603642702,2.8903717578961645,0.2197830010447488,4.614580586866661,4.739973943812595
2022-05-29,0.0,2.0,12.6,1.0,17.0,100.91400407846491,0.2193010146933627,113.01604,0.0,1.0986122886681098,2.6100697927420065,0.6931471805599453,2.8903717578961645,0.2193010146933627,4.614268709388604,4.727529755541487
2022-06-05,0.0,2.6,13.4,0.6,18.0,100.88252636503252,0.2188211377179616,112.765225,0.0,1.2809338454620642,2.667228206581955,0.4700036292457356,2.9444389791664403,0.2188211377179616,4.61395673461264,4.725308002526042
2022-06-12,0.0,3.4,13.6,1.0,18.0,100.90703815085956,0.0114481877036221,113.45428,0.0,1.4816045409242156,2.681021528714291,0.6931471805599453,2.9444389791664403,0.0114481877036221,4.614199678651955,4.731399936384675
2022-06-19,0.0,1.6,13.2,0.6,19.6,100.93154993668658,0.0114468772436149,115.85764,0.0,0.9555114450274363,2.653241964607215,0.4700036292457356,3.0252910757955354,0.0114468772436149,4.6144425636838,4.752362196049661
2022-06-26,0.0,1.8,13.2,0.8,18.4,100.9560617225136,0.0114455670836344,115.234625,0.0,1.0296194171811581,2.653241964607215,0.5877866649021191,2.9652730660692823,0.0114455670836344,4.61468538973683,4.746970267337521
2022-07-03,0.0,1.2,12.6,0.6,17.0,100.98057350834064,0.0114442572234807,115.39616,0.0,0.7884573603642702,2.6100697927420065,0.4700036292457356,2.8903717578961645,0.0114442572234807,4.6149281568396825,4.748371077957097
2022-07-10,0.2,1.6,13.4,0.8,19.0,100.9617839250073,0.021093554231033,117.5703,0.18232155679395465,0.9555114450274363,2.667228206581955,0.5877866649021191,2.995732273553991,0.021093554231033,4.614742068258502,4.767036452547739
2022-07-17,0.0,1.4,14.0,0.8,19.2,100.94299434167397,0.0210891057890627,118.48546000000002,0.0,0.8754687373538999,2.70805020110221,0.5877866649021191,3.005682604407159,0.0210891057890627,4.614555945041915,4.774790252624933
2022-07-24,0.0,1.8,14.2,1.0,19.2,100.92420475834062,0.0210846592229696,117.20286000000002,0.0,1.0296194171811581,2.7212954278522306,0.6931471805599453,3.005682604407159,0.0210846592229696,4.614369787177028,4.763906279575546
2022-07-31,0.2,2.4,13.8,1.0,18.8,100.90541517500728,0.0210802145315769,116.97414,0.18232155679395465,1.2237754316221157,2.6946271807700692,0.6931471805599453,2.9856819377004897,0.0210802145315769,4.614183594650938,4.761952884726964
2022-08-07,0.2,1.4,13.2,0.8,18.6,100.88662559167396,0.0210757717136855,116.49877999999998,0.18232155679395465,0.8754687373538999,2.653241964607215,0.5877866649021191,2.975529566236472,0.0210757717136855,4.613997367450735,4.757880800847918
2022-08-14,0.2,1.2,13.4,1.0,19.4,100.95316283125727,0.0904613645889673,115.89782,0.18232155679395465,0.7884573603642702,2.667228206581955,0.6931471805599453,3.0155349008501706,0.0904613645889673,4.614656674939248,4.752708940850431
2022-08-21,0.2,1.2,13.6,1.2,18.6,101.0197000708406,0.0903796059640971,117.26962,0.18232155679395465,0.7884573603642702,2.681021528714291,0.7884573603642702,2.975529566236472,0.0903796059640971,4.615315548027784,4.764475728082288
2022-08-28,0.2,1.0,14.2,1.0,17.8,101.08623731042394,0.0902979949920279,118.73206,0.18232155679395465,0.6931471805599453,2.7212954278522306,0.6931471805599453,2.9338568698359038,0.0902979949920279,4.615973987288395,4.776869357817762
2022-09-04,0.2,1.0,13.0,1.0,17.6,101.15277455000728,0.0902165312731462,119.29374,0.18232155679395465,0.6931471805599453,2.6390573296152584,0.6931471805599453,2.9231615807191558,0.0902165312731462,4.616631993292004,4.781588854969374
2022-09-11,0.2,0.8,15.0,1.0,18.8,101.23329402632088,0.1312316041850447,120.1175,0.18232155679395465,0.5877866649021191,2.772588722239781,0.6931471805599453,2.9856819377004897,0.1312316041850447,4.617427695102196,4.788470430377734
2022-09-18,0.2,1.0,14.6,1.0,18.4,101.3138135026345,0.1310596125530416,119.76516,0.18232155679395465,0.6931471805599453,2.747270914255491,0.6931471805599453,2.9652730660692823,0.1310596125530416,4.6182227642743765,4.785532825355535
2022-09-25,0.0,0.8,14.8,1.0,16.2,101.39433297894811,0.1308880711540894,121.62458,0.0,0.5877866649021191,2.760009940032921,0.6931471805599453,2.8449093838194073,0.1308880711540894,4.619017201813726,4.800939087262797
2022-10-02,0.0,0.8,15.4,1.4,18.4,101.47485245526175,0.1307169782226447,124.10498,0.0,0.5877866649021191,2.797281334830153,0.8754687373538999,2.9652730660692823,0.1307169782226447,4.619811008723035,4.821127820333701
2022-10-09,0.0,1.4,15.4,1.2,20.2,101.43036148643893,0.0551744372601081,122.79592,0.0,0.8754687373538999,2.797281334830153,0.7884573603642702,3.054001181677967,0.0551744372601081,4.6193724692821645,4.810523790405387
2022-10-16,0.0,1.4,15.2,1.0,18.6,101.38587051761608,0.0551440118618851,124.1455,0.0,0.8754687373538999,2.785011242238338,0.6931471805599453,2.975529566236472,0.0551440118618851,4.618933737440074,4.821454264821219
2022-10-23,0.0,1.4,15.8,1.0,18.2,101.34137954879324,0.055113620000724,123.57622,0.0,0.8754687373538999,2.8213788864092133,0.6931471805599453,2.954910279033736,0.055113620000724,4.618494813027864,4.816858131691326
2022-10-30,0.0,4.6,14.8,1.0,18.2,101.2968885799704,0.0550832616212471,122.10518,0.0,1.7227665977411035,2.760009940032921,0.6931471805599453,2.954910279033736,0.0550832616212471,4.618055695876414,4.804882804459201
2022-11-06,0.0,13.2,15.4,1.2,17.4,101.25239761114754,0.0550529366680985,122.9872,0.0,2.653241964607215,2.797281334830153,0.7884573603642702,2.91235066461494,0.0550529366680985,4.617616385816378,4.812080284916625
2022-11-13,0.0,13.2,15.8,1.0,16.8,100.95516462928566,0.0200547423339303,120.68345,0.0,2.653241964607215,2.8213788864092133,0.6931471805599453,2.8791984572980396,0.0200547423339303,4.614676503720493,4.793171001883557
2022-11-20,0.0,5.2,11.8,1.0,13.0,100.65793164742377,0.0200507212134715,117.90348,0.0,1.824549292051046,2.5494451709255714,0.6931471805599453,2.6390573296152584,0.0200507212134715,4.611727953227543,4.769866323647161
2022-11-27,0.6,4.6,16.2,1.4,17.2,100.36069866556188,0.0200467017051897,118.300075,0.4700036292457356,1.7227665977411035,2.8449093838194073,0.8754687373538999,2.9014215940827497,0.0200467017051897,4.6087706830678705,4.773224404965544
2022-12-04,3.2,5.4,18.6,1.4,16.8,100.0634656837,0.0200426838081524,117.49056,1.4350845252893227,1.8562979903656263,2.975529566236472,0.8754687373538999,2.8791984572980396,0.0200426838081524,4.605804641515611,4.766357989931217
2022-12-11,3.8,5.0,17.0,1.4,17.2,100.33669434877623,0.1979783803081058,117.03362,1.5686159179138452,1.791759469228055,2.8903717578961645,0.8754687373538999,2.9014215940827497,0.1979783803081058,4.608531474012491,4.76246124394788
2022-12-18,2.0,2.6,10.0,1.4,12.8,100.60992301385248,0.1975872003691092,116.4522,1.0986122886681098,1.2809338454620642,2.3978952727983707,0.8754687373538999,2.624668592163159,0.1975872003691092,4.611250891109873,4.757480888380319
2022-12-25,1.6,2.2,8.8,1.2,12.6,100.88315167892873,0.197197563224738,116.40632,0.9555114450274363,1.1631508098056809,2.2823823856765264,0.7884573603642702,2.6100697927420065,0.197197563224738,4.613962933029558,4.757086829356035
2023-01-01,2.2,6.2,11.8,1.4,16.4,101.15638034400496,0.1968094597659009,115.98805,1.1631508098056809,1.9740810260220096,2.5494451709255714,0.8754687373538999,2.856470206220483,0.1968094597659009,4.616667639666979,4.753487168558345
2023-01-08,3.0,6.6,13.8,2.0,17.8,101.04480539820077,0.0177500083304638,116.37465,1.3862943611198906,2.028148247292285,2.6946271807700692,1.0986122886681098,2.9338568698359038,0.0177500083304638,4.6155640362759405,4.756814728073912
2023-01-15,3.4,18.2,15.2,2.4,18.4,100.93323045239656,0.017746858261658,114.73182,1.4816045409242156,2.954910279033736,2.785011242238338,1.2237754316221157,2.9652730660692823,0.017746858261658,4.6144592135987255,4.74259740501653
2023-01-22,4.4,23.0,16.2,2.8,19.6,100.82165550659236,0.0177437093106913,114.182575,1.6863989535702288,3.1780538303479458,2.8449093838194073,1.33500106673234,3.0252910757955354,0.0177437093106913,4.613353168938163,4.737798702392521
2023-01-29,5.0,15.4,17.0,2.6,20.2,100.71008056078816,0.0177405614770531,113.84372,1.791759469228055,2.797281334830153,2.8903717578961645,1.2809338454620642,3.054001181677967,0.0177405614770531,4.612245899588124,4.734826630689725
2023-02-05,5.8,11.0,17.8,2.8,18.4,100.59850561498398,0.017737414760055,113.85764,1.916922612182061,2.4849066497880004,2.9338568698359038,1.33500106673234,2.9652730660692823,0.017737414760055,4.611137402833477,4.734948896099271
2023-02-12,5.4,8.6,16.4,2.8,18.6,100.67303276606206,0.0518857641555348,115.19318,1.8562979903656263,2.2617630984737906,2.856470206220483,1.33500106673234,2.975529566236472,0.0518857641555348,4.611877966105201,4.746610545120431
2023-02-19,4.8,7.0,16.0,3.4,18.4,100.74755991714017,0.0518588567914202,115.4439,1.7578579175523736,2.0794415416798357,2.833213344056216,1.4816045409242156,2.9652730660692823,0.0518588567914202,4.61261798134879,4.74878469767874
2023-02-26,5.0,6.6,16.4,3.6,18.4,100.82208706821824,0.0518319773205266,116.527975,1.791759469228055,2.028148247292285,2.856470206220483,1.5260563034950492,2.9652730660692823,0.0518319773205266,4.6133574493747425,4.758131372934825
2023-03-05,4.8,6.6,16.6,3.2,19.2,100.89661421929632,0.0518051256995111,116.74158,1.7578579175523736,2.028148247292285,2.8678989020441064,1.4350845252893227,3.005682604407159,0.0518051256995111,4.614096370991761,4.759962774033894
2023-03-12,5.2,8.0,16.6,3.4,18.4,100.91560294556136,0.0877731305747753,117.23316,1.824549292051046,2.1972245773362196,2.8678989020441064,1.4816045409242156,2.9652730660692823,0.0877731305747753,4.6142845531205525,4.764164772277893
2023-03-19,6.2,10.6,17.4,4.2,19.0,100.93459167182644,0.0876961569124645,116.43898,1.9740810260220096,2.451005098112319,2.91235066461494,1.6486586255873816,2.995732273553991,0.0876961569124645,4.614472699843493,4.757367358962723
2023-03-26,6.4,9.6,17.6,6.2,18.6,100.9535803980915,0.0876193181377438,115.47346,2.0014800002101243,2.3608540011180215,2.9231615807191558,1.9740810260220096,2.975529566236472,0.0876193181377438,4.614660811173903,4.7490407200077795
2023-04-02,6.2,8.6,16.2,6.4,18.6,100.97256912435655,0.087542613896363,114.84754,1.9740810260220096,2.2617630984737906,2.8449093838194073,2.0014800002101243,2.975529566236472,0.087542613896363,4.6148488871250954,4.7436055096632215
2023-04-09,6.4,7.0,16.0,5.2,19.8,100.90505828592416,0.0244894315499788,114.01204,2.0014800002101243,2.0794415416798357,2.833213344056216,1.824549292051046,3.0349529867072724,0.0244894315499788,4.614180057777187,4.736304056852814
2023-04-16,6.6,8.4,18.6,5.8,19.8,100.83754744749174,0.0244834356957657,113.91936,2.028148247292285,2.2407096892759584,2.975529566236472,1.916922612182061,3.0349529867072724,0.0244834356957657,4.613510780797176,4.735490829670357
2023-04-23,6.2,7.4,18.8,6.2,18.2,100.77003660905936,0.0244774427767824,114.01088,1.9740810260220096,2.128231705849268,2.9856819377004897,1.9740810260220096,2.954910279033736,0.0244774427767824,4.612841055585481,4.736293882437014
2023-04-30,5.8,8.0,16.8,6.6,18.4,100.70252577062692,0.0244714527909639,113.9864,1.916922612182061,2.1972245773362196,2.8791984572980396,2.028148247292285,2.9652730660692823,0.0244714527909639,4.612170881541315,4.7360791430322795
2023-05-07,5.8,7.6,15.8,6.0,18.4,100.63501493219454,0.0244654657360454,113.95298,1.916922612182061,2.151762203259462,2.8213788864092133,1.9459101490553132,2.9652730660692823,0.0244654657360454,4.6115002580626845,4.7357859071707145
2023-05-14,5.8,6.2,14.8,6.4,19.8,100.47229279040404,0.0195797188258239,113.88846,1.916922612182061,1.9740810260220096,2.760009940032921,2.0014800002101243,3.0349529867072724,0.0195797188258239,4.609881995860835,4.7352195483755395
2023-05-21,5.2,6.6,15.0,5.8,16.8,100.30957064861354,0.0195758859224071,114.89682,1.824549292051046,2.028148247292285,2.772588722239781,1.916922612182061,2.8791984572980396,0.0195758859224071,4.608261110641129,4.744034508231507
2023-05-28,4.6,5.8,13.0,5.4,17.0,100.14684850682303,0.0195720545193234,115.83824,1.7227665977411035,1.916922612182061,2.6390573296152584,1.8562979903656263,2.8903717578961645,0.0195720545193234,4.606637593886534,4.75219473515182
2023-06-04,4.6,6.2,13.4,6.6,17.2,99.98412636503254,0.0195682246157513,115.9051,1.7227665977411035,1.9740810260220096,2.667228206581955,2.028148247292285,2.9014215940827497,0.0195682246157513,4.605011437038469,4.752771752828834
2023-06-11,4.6,5.4,13.2,6.0,17.6,100.15416315085956,0.0637080083541796,115.38808,1.7227665977411035,1.8562979903656263,2.653241964607215,1.9459101490553132,2.9231615807191558,0.0637080083541796,4.606710630402717,4.74830105584464
2023-06-18,4.0,5.0,13.8,6.2,17.2,100.32419993668658,0.0636674470916531,114.36448,1.6094379124341003,1.791759469228055,2.6946271807700692,1.9740810260220096,2.9014215940827497,0.0636674470916531,4.608406941405873,4.739390541223361
2023-06-25,4.0,6.2,13.2,6.0,18.2,100.4942367225136,0.0636269374449272,114.020025,1.6094379124341003,1.9740810260220096,2.653241964607215,1.9459101490553132,2.954910279033736,0.0636269374449272,4.6101003798101425,4.73637409086319
2023-07-02,3.4,4.6,12.6,5.4,16.2,100.66427350834064,0.0635864793155027,114.30096,1.4816045409242156,1.7227665977411035,2.6100697927420065,1.8562979903656263,2.8449093838194073,0.0635864793155027,4.611790955328222,4.738834969715625
2023-07-09,4.0,5.4,13.8,6.0,18.8,100.6573439250073,0.1050924282388399,114.45005,1.6094379124341003,1.8562979903656263,2.6946271807700692,1.9459101490553132,2.9856819377004897,0.1050924282388399,4.6117221144017035,4.740138483270477
2023-07-16,3.6,4.4,14.6,6.0,18.4,100.65041434167397,0.1049821000007611,112.51918,1.5260563034950492,1.6863989535702288,2.747270914255491,1.9459101490553132,2.9652730660692823,0.1049821000007611,4.611653268735787,4.723123696001784
2023-07-23,3.4,5.0,13.6,5.8,19.0,100.64348475834062,0.1048720031694872,112.12328,1.4816045409242156,1.791759469228055,2.681021528714291,1.916922612182061,2.995732273553991,0.1048720031694872,4.611584418329818,4.719598980239004
2023-07-30,3.4,4.8,14.0,6.0,18.6,100.63655517500727,0.1047621370178664,112.92358,1.4816045409242156,1.7578579175523736,2.70805020110221,1.9459101490553132,2.975529566236472,0.1047621370178664,4.6115155631831435,4.726711306743873
2023-08-06,3.2,4.8,14.4,5.0,17.2,100.62962559167394,0.1046525008215448,113.84032,1.4350845252893227,1.7578579175523736,2.7343675094195836,1.791759469228055,2.9014215940827497,0.1046525008215448,4.611446703295112,4.734796764740401
2023-08-13,3.4,4.2,13.2,6.2,17.4,100.69273783125728,0.0824772869906897,114.34094,1.4816045409242156,1.6486586255873816,2.653241964607215,1.9740810260220096,2.91235066461494,0.0824772869906897,4.612073680254628,4.739184686897012
2023-08-20,3.6,4.4,13.8,5.0,16.8,100.7558500708406,0.0824093180209706,115.11912,1.5260563034950492,1.6863989535702288,2.6946271807700692,1.791759469228055,2.8791984572980396,0.0824093180209706,4.612700264360334,4.745967418352536
2023-08-27,4.2,4.2,15.0,5.2,17.4,100.81896231042394,0.0823414609845141,115.64878,1.6486586255873816,1.6486586255873816,2.772588722239781,1.824549292051046,2.91235066461494,0.0823414609845141,4.613326456104234,4.750557839551335
2023-09-03,4.0,3.8,14.6,4.6,16.0,100.88207455000727,0.0822737156050745,115.67816,1.6094379124341003,1.5686159179138452,2.747270914255491,1.7227665977411035,2.833213344056216,0.0822737156050745,4.613952255977407,4.750811852336512
2023-09-10,4.6,5.0,15.6,5.0,17.4,100.8342690263209,0.0257751208740053,116.82055,1.7227665977411035,1.791759469228055,2.8094026953624978,1.791759469228055,2.91235066461494,0.0257751208740053,4.613478268359608,4.760638996699009
2023-09-17,4.8,4.0,16.8,5.0,18.8,100.78646350263452,0.0257684790174073,116.6115,1.7578579175523736,1.6094379124341003,2.8791984572980396,1.791759469228055,2.9856819377004897,0.0257684790174073,4.613004055971005,4.758847896840298
2023-09-24,5.2,4.8,16.0,5.2,18.0,100.73865797894814,0.0257618405829163,116.7306,1.824549292051046,1.7578579175523736,2.833213344056216,1.824549292051046,2.9444389791664403,0.0257618405829163,4.612529618598318,4.7598687157181825
2023-10-01,4.6,4.8,15.8,4.8,18.4,100.69085245526176,0.0257552055679122,117.75514,1.7227665977411035,1.7578579175523736,2.8213788864092133,1.7578579175523736,2.9652730660692823,0.0257552055679122,4.612054956027963,4.768607383748486
2023-10-08,4.8,4.4,15.2,4.6,17.6,100.78490148643893,0.0321601953430672,118.53972,1.7578579175523736,1.6863989535702288,2.785011242238338,1.7227665977411035,2.9231615807191558,0.0321601953430672,4.612988557577215,4.775248094285028
2023-10-15,5.0,6.2,16.2,5.0,18.0,100.87895051761608,0.0321498558865984,117.92615,1.791759469228055,1.9740810260220096,2.8449093838194073,1.791759469228055,2.9444389791664403,0.0321498558865984,4.61392128832753,4.7700585810837675
2023-10-22,5.2,4.8,16.6,4.8,17.6,100.97299954879324,0.0321395230762577,118.13344,1.824549292051046,1.7578579175523736,2.8678989020441064,1.7578579175523736,2.9231615807191558,0.0321395230762577,4.614853149901838,4.771814832996946
2023-10-29,4.8,5.2,15.8,4.6,17.2,101.0670485799704,0.0321291969056058,118.31864,1.7578579175523736,1.824549292051046,2.8213788864092133,1.7227665977411035,2.9014215940827497,0.0321291969056058,4.615784143918532,4.773381324083611
2023-11-05,5.4,5.4,17.0,5.0,17.8,101.16109761114754,0.0321188773682479,118.30295999999998,1.8562979903656263,1.8562979903656263,2.8903717578961645,1.791759469228055,2.9338568698359038,0.0321188773682479,4.616714271991492,4.773248791804031
2023-11-12,5.8,5.6,18.0,5.4,18.8,101.09586462928564,0.0638594953314086,117.49515,1.916922612182061,1.8870696490323797,2.9444389791664403,1.8562979903656263,2.9856819377004897,0.0638594953314086,4.616069221424123,4.766397056136567
2023-11-19,5.0,3.2,13.2,5.6,13.0,101.03063164742376,0.0638187410054724,116.76442,1.791759469228055,1.4350845252893227,2.653241964607215,1.8870696490323797,2.6390573296152584,0.0638187410054724,4.615423754497932,4.760158400699357
2023-11-26,5.8,5.0,18.2,7.0,17.6,100.96539866556188,0.0637780386641528,115.855875,1.916922612182061,1.791759469228055,2.954910279033736,2.0794415416798357,2.9231615807191558,0.0637780386641528,4.6147778706750815,4.7523469617203205
2023-12-03,6.0,5.6,19.0,6.2,17.4,100.90016568369998,0.0637373882080627,115.16432,1.9459101490553132,1.8870696490323797,2.995732273553991,1.9740810260220096,2.91235066461494,0.0637373882080627,4.6141315694166884,4.746359978065735
2023-12-10,5.8,5.0,17.8,5.4,17.8,100.69486861576098,0.1124148282866777,115.82922,1.916922612182061,1.791759469228055,2.9338568698359038,1.8562979903656263,2.9338568698359038,0.1124148282866777,4.6120948412837635,4.752116864914847
2023-12-17,3.8,3.4,11.8,5.2,14.6,100.48957154782198,0.1122885992506317,115.14466,1.5686159179138452,1.4816045409242156,2.5494451709255714,1.824549292051046,2.747270914255491,0.1122885992506317,4.610053956421785,4.7461892508969745
2023-12-24,2.8,3.0,9.4,4.6,11.8,100.28427447988297,0.1121626533782782,113.82676,1.33500106673234,1.3862943611198906,2.341805806147327,1.7227665977411035,2.5494451709255714,0.1121626533782782,4.60800889782923,4.734677643433833
2023-12-31,3.4,4.6,12.4,5.8,17.0,100.07897741194397,0.1120369897178452,112.76405,1.4816045409242156,1.7227665977411035,2.5952547069568657,1.916922612182061,2.8903717578961645,0.1120369897178452,4.605959648400059,4.725297582592753
2024-01-07,4.4,8.8,14.6,6.0,18.6,99.87368034400497,0.1119116073218684,113.9836,1.6863989535702288,2.2823823856765264,2.747270914255491,1.9459101490553132,2.975529566236472,0.1119116073218684,4.603906190922849,4.736054578396581
2024-01-14,4.6,9.2,15.0,6.0,18.4,99.96573666174972,0.0407727065123486,114.15096,1.7227665977411035,2.322387720290225,2.772588722239781,1.9459101490553132,2.9652730660692823,0.0407727065123486,4.604827493893359,4.7375217829273
2024-01-21,5.2,10.2,17.2,6.6,21.0,100.05779297949448,0.0407560891517722,115.253075,1.824549292051046,2.4159137783010487,2.9014215940827497,2.028148247292285,3.091042453358316,0.0407560891517722,4.605747948845928,4.7471303626488055
2024-01-28,5.4,10.6,17.0,6.6,20.6,100.14984929723924,0.0407394853308096,115.1948,1.8562979903656263,2.451005098112319,2.8903717578961645,2.028148247292285,3.0726933146901194,0.0407394853308096,4.606667557340243,4.746624608354112
2024-02-04,5.6,9.0,18.6,6.4,21.2,100.24190561498398,0.0407228950329408,115.15288,1.8870696490323797,2.302585092994046,2.975529566236472,2.0014800002101243,3.100092288878234,0.0407228950329408,4.607586320931696,4.746260636809334
2024-02-11,6.4,7.2,17.4,6.8,19.4,100.26483276606206,0.1312663605395059,115.97272,2.0014800002101243,2.1041341542702074,2.91235066461494,2.0541237336955462,3.0155349008501706,0.1312663605395059,4.607815013008213,4.753354991035203
2024-02-18,6.4,6.8,18.0,7.4,20.6,100.28775991714016,0.1310942778520729,116.2597,2.0014800002101243,2.0541237336955462,2.9444389791664403,2.128231705849268,3.0726933146901194,0.1310942778520729,4.6080436527966215,4.755826481846686
2024-02-25,6.2,7.4,17.4,7.4,19.8,100.31068706821824,0.1309226457550938,115.8466,1.9740810260220096,2.128231705849268,2.91235066461494,2.128231705849268,3.0349529867072724,0.1309226457550938,4.608272240320828,4.752266902152506
2024-03-03,6.0,6.2,18.0,7.2,19.6,100.33361421929632,0.130751462481049,115.85588,1.9459101490553132,1.9740810260220096,2.9444389791664403,2.1041341542702074,3.0252910757955354,0.130751462481049,4.608500775604718,4.752347004877389
2024-03-10,5.8,6.4,16.6,7.2,19.8,100.25948520030836,0.0457140761375596,115.25912,1.916922612182061,2.0014800002101243,2.8678989020441064,2.1041341542702074,3.0349529867072724,0.0457140761375596,4.607761677175341,4.7471828110670025
2024-03-17,5.8,5.4,16.8,7.0,19.2,100.18535618132042,0.0456931879188493,115.05738,1.916922612182061,1.8562979903656263,2.8791984572980396,2.0794415416798357,3.005682604407159,0.0456931879188493,4.607022032075407,4.745430960447575
2024-03-24,5.8,5.4,17.2,7.4,20.2,100.11122716233244,0.0456723187803875,115.93638,1.916922612182061,1.8562979903656263,2.9014215940827497,2.128231705849268,3.054001181677967,0.0456723187803875,4.606281839495633,4.753041592377734
2024-03-31,5.6,5.6,17.4,6.8,19.0,100.03709814334452,0.045651468696084,116.30488,1.8870696490323797,1.8870696490323797,2.91235066461494,2.0541237336955462,2.995732273553991,0.045651468696084,4.605541098624939,4.756215019091424
2024-04-07,6.2,5.6,17.6,6.6,20.0,99.96296912435656,0.0456306376398263,116.38076,1.9740810260220096,1.8870696490323797,2.9231615807191558,2.028148247292285,3.044522437723423,0.0456306376398263,4.604799808650438,4.756867229538873
2024-04-14,6.0,6.4,20.0,7.0,20.6,100.11458057631604,0.0027234322990565,116.99076,1.9459101490553132,2.0014800002101243,3.044522437723423,2.0794415416798357,3.0726933146901194,0.0027234322990565,4.60631533581683,4.7620949573201425
2024-04-21,6.2,5.4,21.2,7.6,19.2,100.26619202827554,0.0027233581302521,118.1927,1.9740810260220096,1.8562979903656263,3.100092288878234,2.151762203259462,3.005682604407159,0.0027233581302521,4.607828569635821,4.772316343335515
2024-04-28,6.2,6.6,20.0,6.6,18.8,100.41780348023504,0.0027232839654889,117.88364,1.9740810260220096,2.028148247292285,3.044522437723423,2.028148247292285,2.9856819377004897,0.0027232839654889,4.60933951703767,4.769698036252609
2024-05-05,5.8,5.6,16.8,6.8,19.2,100.56941493219452,0.0027232098047225,117.6948,1.916922612182061,1.8870696490323797,2.8791984572980396,2.0541237336955462,3.005682604407159,0.0027232098047225,4.610848184921267,4.768094833171315
2024-05-12,6.6,7.4,16.0,8.4,17.8,100.61669279040404,-0.0457489073208638,117.23578,2.028148247292285,2.128231705849268,2.833213344056216,2.2407096892759584,2.9338568698359038,-0.0457489073208638,4.611318176210575,4.7641871206537605
2024-05-19,6.0,6.0,15.0,7.2,17.2,100.66397064861354,-0.045769846525534,116.66564,1.9459101490553132,1.9459101490553132,2.772588722239781,2.1041341542702074,2.9014215940827497,-0.045769846525534,4.611787946711837,4.759312065776629
2024-05-26,5.2,5.2,13.8,7.2,16.6,100.71124850682304,-0.0457908049066424,116.73752,1.824549292051046,1.824549292051046,2.6946271807700692,2.1041341542702074,2.8678989020441064,-0.0457908049066424,4.612257496632392,4.759927995760375
2024-06-02,5.8,5.2,14.8,7.4,18.6,100.75852636503254,-0.0458117824906012,116.734925,1.916922612182061,1.824549292051046,2.760009940032921,2.128231705849268,2.975529566236472,-0.0458117824906012,4.6127268261792915,4.759905766156362
2024-06-09,5.2,5.0,14.6,7.2,18.2,100.55347579369416,0.0450180616478057,116.44834,1.824549292051046,1.791759469228055,2.747270914255491,2.1041341542702074,2.954910279033736,0.0450180616478057,4.610689683435173,4.757447741183662
2024-06-16,4.4,5.0,14.6,6.8,17.2,100.34842522235576,0.0449978045084176,117.1623,1.6863989535702288,1.791759469228055,2.747270914255491,2.0541237336955462,2.9014215940827497,0.0449978045084176,4.60864838226775,4.763560153040314
2024-06-23,4.4,5.4,15.2,7.2,18.0,100.1433746510174,0.0449775655914086,117.4756,1.6863989535702288,1.8562979903656263,2.785011242238338,2.1041341542702074,2.9444389791664403,0.0449775655914086,4.606602905665099,4.766230652445511
2024-06-30,3.8,4.4,13.2,5.8,15.8,99.938324079679,0.0449573448721096,117.64514,1.5686159179138452,1.6863989535702288,2.653241964607215,1.916922612182061,2.8213788864092133,0.0449573448721096,4.604553236510684,4.7676728053528565
2024-07-07,4.0,5.0,13.6,6.4,19.0,99.73327350834064,0.0449371423260736,117.351025,1.6094379124341003,1.791759469228055,2.681021528714291,2.0014800002101243,2.995732273553991,0.0449371423260736,4.602499357582507,4.7651696568136375
2024-07-14,4.0,4.8,14.8,6.0,18.0,99.85526152917396,0.0494438817604026,116.58224,1.6094379124341003,1.7578579175523736,2.760009940032921,1.9459101490553132,2.9444389791664403,0.0494438817604026,4.603721752806766,4.758596946706272
2024-07-21,4.2,4.8,14.2,6.4,18.0,99.97724955000729,0.0494194468675157,116.13899999999998,1.6486586255873816,1.7578579175523736,2.7212954278522306,2.0014800002101243,2.9444389791664403,0.0494194468675157,4.60494265560509,4.754787749608918
2024-07-28,4.2,5.4,14.0,5.6,18.0,100.0992375708406,0.0493950361138972,116.48134,1.6486586255873816,1.8562979903656263,2.70805020110221,1.8870696490323797,2.9444389791664403,0.0493950361138972,4.606162069617249,4.757731088503083
2024-08-04,4.2,6.2,13.8,6.6,18.2,100.22122559167394,0.0493706494637757,116.46064,1.6486586255873816,1.9740810260220096,2.6946271807700692,2.028148247292285,2.954910279033736,0.0493706494637757,4.607379998469716,4.757553361842955
2024-08-11,4.8,6.2,13.6,6.2,18.6,100.08326283125729,0.0386689885248481,115.33848,1.7578579175523736,1.9740810260220096,2.681021528714291,1.9740810260220096,2.975529566236472,0.0386689885248481,4.606002467858003,4.747871109671438
2024-08-18,6.2,6.6,15.2,6.6,19.0,99.9453000708406,0.0386540413980229,115.06834,1.9740810260220096,2.028148247292285,2.785011242238338,2.028148247292285,2.995732273553991,0.0386540413980229,4.604623037037807,4.7455262127297475
2024-08-25,6.2,5.8,16.0,6.6,18.6,99.80733731042396,0.0386391058220692,113.60054,1.9740810260220096,1.916922612182061,2.833213344056216,2.028148247292285,2.975529566236472,0.0386391058220692,4.603241700759473,4.73268825979688
2024-09-01,6.2,5.6,16.4,6.8,18.0,99.66937455000728,0.0386241817835752,113.07128,1.9740810260220096,1.8870696490323797,2.856470206220483,2.0541237336955462,2.9444389791664403,0.0386241817835752,4.601858453751562,4.728018416304057
2024-09-08,7.4,6.0,18.0,6.4,18.8,99.67379013105815,0.0505885120468896,113.41595,2.128231705849268,1.9459101490553132,2.9444389791664403,2.0014800002101243,2.9856819377004897,0.0505885120468896,4.601902755055383,4.7310620339603275
2024-09-15,7.8,6.8,19.8,7.2,20.2,99.67820571210906,0.0505629330114221,113.62118,2.174751721484161,2.0541237336955462,3.0349529867072724,2.1041341542702074,3.054001181677967,0.0505629330114221,4.601947054396685,4.732869932570563
2024-09-22,8.2,6.6,18.8,7.2,18.6,99.68262129315995,0.050537379829918,113.0194,2.2192034840549946,2.028148247292285,2.9856819377004897,2.1041341542702074,2.975529566236472,0.050537379829918,4.601991351775643,4.727559485392702
2024-09-29,7.4,6.8,18.2,7.4,17.8,99.68703687421086,0.0505118524631864,112.6394,2.128231705849268,2.0541237336955462,2.954910279033736,2.128231705849268,2.9338568698359038,0.0505118524631864,4.602035647192431,4.724191565691
2024-10-06,7.6,5.6,17.6,6.8,17.8,99.69145245526175,0.0504863508721031,113.52138,2.151762203259462,1.8870696490323797,2.9231615807191558,2.0541237336955462,2.9338568698359038,0.0504863508721031,4.602079940647221,4.731991189226101
2024-10-13,7.8,6.0,17.4,7.0,17.8,99.6660137442332,0.0744685632844355,114.8412,2.174751721484161,1.9459101490553132,2.91235066461494,2.0794415416798357,2.9338568698359038,0.0744685632844355,4.601824733639913,4.743550304519063
2024-10-20,8.4,6.8,19.4,8.8,18.2,99.64057503320464,0.0744131488815913,115.669925,2.2407096892759584,2.0541237336955462,3.0155349008501706,2.2823823856765264,2.954910279033736,0.0744131488815913,4.601569461485362,4.7507406609108
2024-10-27,8.4,6.6,18.6,7.6,18.4,99.6151363221761,0.0743578168886038,116.34916,2.2407096892759584,2.028148247292285,2.975529566236472,2.151762203259462,2.9652730660692823,0.0743578168886038,4.601314124150299,4.756595670126193
2024-11-03,7.8,6.6,18.6,7.2,17.4,99.58969761114754,0.0743025671217756,116.51954,2.174751721484161,2.028148247292285,2.975529566236472,2.1041341542702074,2.91235066461494,0.0743025671217756,4.60105872160143,4.758058984263324
2024-11-10,9.0,7.0,19.0,8.4,20.0,99.84836462928564,0.1003463233262724,116.61966,2.302585092994046,2.0794415416798357,2.995732273553991,2.2407096892759584,3.044522437723423,0.1003463233262724,4.603652681453143,4.758917870337865
2024-11-17,9.6,7.0,22.0,8.6,19.4,100.10703164742375,0.1002457304215109,118.641375,2.3608540011180215,2.0794415416798357,3.1354942159291497,2.2617630984737906,3.0155349008501706,0.1002457304215109,4.606239930082034,4.776105287445592
2024-11-24,6.2,4.4,15.2,6.4,14.4,100.36569866556188,0.1001453389949391,118.93166,1.9740810260220096,1.6863989535702288,2.785011242238338,2.0014800002101243,2.7343675094195836,0.1001453389949391,4.608820502125727,4.778549042432042
2024-12-01,9.4,6.4,21.6,8.4,18.6,100.62436568369998,0.1000451484418851,118.735475,2.341805806147327,2.0014800002101243,3.1179499062782403,2.2407096892759584,2.975529566236472,0.1000451484418851,4.611394431954387,4.77689811964409
2024-12-08,11.6,7.0,21.0,8.4,18.8,100.64270861576098,0.1344705601381557,118.50262,2.533696813957432,2.0794415416798357,3.091042453358316,2.2407096892759584,2.9856819377004897,0.1344705601381557,4.6115767064985524,4.774935070035411
2024-12-15,8.4,6.0,15.2,8.2,16.4,100.66105154782196,0.1342899796503482,118.9897,2.2407096892759584,1.9459101490553132,2.785011242238338,2.2192034840549946,2.856470206220483,0.1342899796503482,4.611758947824764,4.779036934743613
2024-12-22,5.6,4.4,10.0,7.4,12.8,100.67939447988296,0.1341098835150322,120.08886,1.8870696490323797,1.6863989535702288,2.3978952727983707,2.128231705849268,2.624668592163159,0.1341098835150322,4.611941155945125,4.788231968747194
2024-12-29,5.4,5.8,12.2,8.0,16.4,100.69773741194396,0.1339302697862532,120.89515,1.8562979903656263,1.916922612182061,2.580216829592325,2.1972245773362196,2.856470206220483,0.1339302697862532,4.612123330871736,4.794923641017906
2025-01-05,8.2,7.4,15.4,9.6,18.6,100.71608034400496,0.1337511365282484,121.513925,2.2192034840549946,2.128231705849268,2.797281334830153,2.3608540011180215,2.975529566236472,0.1337511365282484,4.612305472616687,4.800028865266985
2025-01-12,9.0,9.0,17.8,10.2,19.4,100.80111166174972,-0.0034988055563234,121.5795,2.302585092994046,2.302585092994046,2.9338568698359038,2.4159137783010487,3.0155349008501706,-0.0034988055563234,4.61314938396683,4.800568369793614
2025-01-19,10.2,10.2,16.2,10.8,20.2,100.88614297949448,-0.0034989279770081,121.97854,2.4159137783010487,2.4159137783010487,2.8449093838194073,2.468099531471619,3.054001181677967,-0.0034989279770081,4.613992583731079,4.803845127621404
2025-01-26,12.0,9.4,19.8,12.0,28.0,100.97117429723924,-0.0034990504062637,120.645775,2.5649493574615367,2.341805806147327,3.0349529867072724,2.5649493574615367,3.367295829986474,-0.0034990504062637,4.614835073108442,4.792858772808889
2025-02-02,12.0,10.8,20.4,11.0,27.0,101.05620561498398,-0.0034991728440791,120.7316,2.5649493574615367,2.468099531471619,3.0633909220278057,2.4849066497880004,3.332204510175204,-0.0034991728440791,4.6156768532948975,4.793569899969144
2025-02-09,11.8,10.2,19.6,11.8,21.4,101.02128276606209,0.0281998708394404,120.8461,2.5494451709255714,2.4159137783010487,3.0252910757955354,2.5494451709255714,3.109060958860994,0.0281998708394404,4.615331215098883,4.794517835217919
2025-02-16,12.0,9.4,21.4,13.2,22.4,100.98635991714016,0.0281919207541836,120.33478,2.5649493574615367,2.341805806147327,3.109060958860994,2.653241964607215,3.152736022363656,0.0281919207541836,4.6149854573957985,4.79027769175317
2025-02-23,12.6,11.2,21.8,13.2,22.2,100.95143706821824,0.028183975150231,119.5112,2.6100697927420065,2.501435951739211,3.126760535960395,2.653241964607215,3.1441522786722644,0.028183975150231,4.614639580102974,4.783410090829133
2025-03-02,12.4,9.8,21.6,11.4,22.2,100.91651421929632,0.0281760340238301,119.6422,2.5952547069568657,2.379546134130174,3.1179499062782403,2.517696472610991,3.1441522786722644,0.0281760340238301,4.6142935831376555,4.784505622091511
2025-03-09,12.0,9.0,20.8,11.4,21.4,100.90270520030838,0.0345885471176643,118.2436,2.5649493574615367,2.302585092994046,3.0819099697950434,2.517696472610991,3.109060958860994,0.0345885471176643,4.614156737706886,4.772746903285796
2025-03-16,11.8,9.4,20.2,11.6,21.2,100.88889618132042,0.0345765875783721,117.1518,2.5494451709255714,2.341805806147327,3.054001181677967,2.533696813957432,3.100092288878234,0.0345765875783721,4.614019873546882,4.763470529752539
2025-03-23,12.4,9.2,20.0,11.8,20.6,100.87508716233246,0.0345646363066443,117.06004,2.5952547069568657,2.322387720290225,3.044522437723423,2.5494451709255714,3.0726933146901194,0.0345646363066443,4.613882990652515,4.7626869655681245
2025-03-30,13.8,11.0,20.6,11.8,22.6,100.8612781433445,0.0345526932938655,117.48762,2.6946271807700692,2.4849066497880004,3.0726933146901194,2.5494451709255714,3.1612467120315646,0.0345526932938655,4.613746089018656,4.766332966331152
2025-04-06,15.0,11.6,21.8,12.2,21.6,100.84746912435656,0.0345407585315094,116.64616,2.772588722239781,2.533696813957432,3.126760535960395,2.580216829592325,3.1179499062782403,0.0345407585315094,4.613609168640174,4.75914507893717
2025-04-13,13.8,10.0,20.0,12.6,19.8,100.80358057631604,0.0156081545855446,115.28336,2.6946271807700692,2.3978952727983707,3.044522437723423,2.6100697927420065,3.0349529867072724,0.0156081545855446,4.613173876596829,4.747393097692611
2025-04-20,14.4,10.8,21.2,12.2,19.0,100.75969202827554,0.0156057188208436,112.61932,2.7343675094195836,2.468099531471619,3.100092288878234,2.580216829592325,2.995732273553991,0.0156057188208436,4.612738394991802,4.7240132818043366
2025-04-27,15.6,11.2,22.0,13.0,20.4,100.71580348023504,0.0156032838162234,112.17992,2.8094026953624978,2.501435951739211,3.1354942159291497,2.6390573296152584,3.0633909220278057,0.0156032838162234,4.612302723659922,4.720104010940339
2025-05-04,14.8,11.8,20.6,13.2,20.0,100.67191493219454,0.0156008495713955,112.56662,2.760009940032921,2.5494451709255714,3.0726933146901194,2.653241964607215,3.044522437723423,0.0156008495713955,4.611866862435798,4.723545224154182
2025-05-11,15.0,11.8,17.8,13.6,19.4,100.83969279040404,0.029046779296582,112.80522,2.772588722239781,2.5494451709255714,2.9338568698359038,2.681021528714291,3.0155349008501706,0.029046779296582,4.613532055809763,4.725662614588974
2025-05-18,14.2,11.8,16.8,13.4,18.4,101.00747064861352,0.0290383445927133,114.1329,2.7212954278522306,2.5494451709255714,2.8791984572980396,2.667228206581955,2.9652730660692823,0.0290383445927133,4.615194480923805,4.737363558863298
2025-05-25,14.0,14.0,15.4,15.0,17.6,101.17524850682304,0.0290299147860384,112.82402,2.70805020110221,2.70805020110221,2.797281334830153,2.772588722239781,2.9231615807191558,0.0290299147860384,4.616854146966702,4.725829259657171
2025-06-01,14.6,13.6,16.8,19.2,19.0,101.34302636503251,0.0290214898722496,112.45925,2.747270914255491,2.681021528714291,2.8791984572980396,3.005682604407159,2.995732273553991,0.0290214898722496,4.618511063081556,4.722590933803938
2025-06-08,15.6,14.4,18.0,24.4,20.6,101.40473579369414,0.0568586202927878,111.713,2.8094026953624978,2.7343675094195836,2.9444389791664403,3.2347491740244907,3.0726933146901194,0.0568586202927878,4.619119794146305,4.715933082472363
2025-06-15,15.2,13.6,17.6,24.0,19.4,101.46644522235576,0.0568263096371479,111.2695,2.785011242238338,2.681021528714291,2.9231615807191558,3.2188758248682006,3.0155349008501706,0.0568263096371479,4.619728154882964,4.711955186585324
2025-06-22,15.2,14.2,17.8,27.0,20.6,101.5281546510174,0.0567940356825946,111.1715,2.785011242238338,2.7212954278522306,2.9338568698359038,3.332204510175204,3.0726933146901194,0.0567940356825946,4.620336145741844,4.711074054003286
2025-06-29,13.8,13.4,16.0,24.2,19.0,101.58986407967902,0.0567617983665558,110.71396,2.6946271807700692,2.667228206581955,2.833213344056216,3.2268439945173775,2.995732273553991,0.0567617983665558,4.620943767172438,4.706949938358222
2025-07-06,15.2,15.0,17.2,21.8,21.0,101.65157350834065,0.0567295976267478,109.74095,2.785011242238338,2.772588722239781,2.9014215940827497,3.126760535960395,3.091042453358316,0.0567295976267478,4.621551019623417,4.698122588418583
2025-07-13,18.0,18.0,18.0,27.8,23.4,101.59243652917397,0.0969537114839047,110.4656,2.9444389791664403,2.9444389791664403,2.9444389791664403,3.3603753871419,3.1945831322991562,0.0969537114839047,4.620969088762826,4.704704160272906
2025-07-20,19.2,23.2,20.2,31.2,23.4,101.53329955000729,0.0968598023106226,111.19074,3.005682604407159,3.186352633162641,3.054001181677967,3.4719664525503626,3.1945831322991562,0.0968598023106226,4.620386819061517,4.711247104967766
2025-07-27,20.8,23.0,20.8,37.0,24.2,101.47416257084062,0.0967660748818044,110.35564,3.0819099697950434,3.1780538303479458,3.0819099697950434,3.6375861597263857,3.2268439945173775,0.0967660748818044,4.619804210124667,4.703708241500882
2025-08-03,20.2,19.0,18.0,31.2,22.4,101.41502559167397,0.096672528670294,112.04934,3.054001181677967,2.995732273553991,2.9444389791664403,3.4719664525503626,3.152736022363656,0.096672528670294,4.6192212615567625,4.718939310002011
2025-08-10,17.2,16.8,18.2,32.0,22.2,101.43781538334062,0.0476218094185743,111.36652,2.9014215940827497,2.8791984572980396,2.954910279033736,3.4965075614664802,3.1441522786722644,0.0476218094185743,4.619445954409502,4.7128267437227676
2025-08-17,18.0,14.4,17.8,25.6,21.8,101.46060517500727,0.0475991418459553,111.08366,2.9444389791664403,2.7343675094195836,2.9338568698359038,3.2809112157876537,3.126760535960395,0.0475991418459553,4.6196705967867056,4.710283611121568
2025-08-24,18.4,14.2,18.2,24.4,20.0,101.48339496667394,0.0475764958421942,111.32738,2.9652730660692823,2.7212954278522306,2.954910279033736,3.2347491740244907,3.044522437723423,0.0475764958421942,4.619895188711045,4.712475229824964
2025-08-31,18.2,14.2,19.6,25.0,21.0,101.5061847583406,0.0475538713765821,111.08068,2.954910279033736,2.7212954278522306,3.0252910757955354,3.258096538021482,3.091042453358316,0.0475538713765821,4.620119730205177,4.710256784133941
2025-09-07,19.2,12.8,20.6,20.4,19.4,101.52897455000728,0.0475312684183215,111.073225,3.005682604407159,2.624668592163159,3.0726933146901194,3.0633909220278057,3.0155349008501706,0.0475312684183215,4.620344221291746,4.710189668500725
2025-09-14,21.2,13.0,22.4,31.4,22.8,101.5070940263209,0.0275651449651137,110.74414,3.100092288878234,2.6390573296152584,3.152736022363656,3.4781584227982836,3.169685580677429,0.0275651449651137,4.620128687924453,4.707222495561475
2025-09-21,19.8,14.0,24.6,36.2,24.4,101.48521350263452,0.0275575486868628,110.20832,3.0349529867072724,2.70805020110221,3.242592351485517,3.616308761279101,3.2347491740244907,0.0275575486868628,4.619913108092513,4.70237239296146
2025-09-28,18.4,13.4,23.2,30.2,23.4,101.46333297894812,0.0275499565941528,111.02384,2.9652730660692823,2.667228206581955,3.186352633162641,3.4404180948154366,3.1945831322991562,0.0275499565941528,4.619697481775887,4.709744953026309
2025-10-05,19.2,12.4,22.2,26.4,22.6,101.44145245526175,0.027542368683564,111.0936,3.005682604407159,2.5952547069568657,3.1441522786722644,3.3105430133940246,3.1612467120315646,0.027542368683564,4.619481808954526,4.710373089225732
2025-10-12,18.6,12.0,22.2,23.0,21.8,101.4256387442332,0.0275347849515439,111.96488,2.975529566236472,2.5649493574615367,3.1441522786722644,3.1780538303479458,3.126760535960395,0.0275347849515439,4.619325906772786,4.718185250692723
2025-10-19,19.8,13.2,21.8,22.2,22.2,101.40982503320464,0.0275272053947395,111.9972,3.0349529867072724,2.653241964607215,3.126760535960395,3.1441522786722644,3.1441522786722644,0.0275272053947395,4.619169980281766,4.7184738709825895
2025-10-26,19.4,17.0,22.2,25.0,22.2,101.3940113221761,0.0275196300096647,112.07798,3.0155349008501706,2.8903717578961645,3.1441522786722644,3.258096538021482,3.1441522786722644,0.0275196300096647,4.619014029473885,4.71919487902551
2025-11-02,21.4,16.4,24.4,28.8,24.4,101.37819761114754,0.0275120587928778,112.24628,3.109060958860994,2.856470206220483,3.2347491740244907,3.3945083935113587,3.2347491740244907,0.0275120587928778,4.618858054341554,4.720695385761408
2025-11-09,19.8,15.6,25.2,28.8,23.2,101.48423122565804,0.0622170192813298,113.16162,3.0349529867072724,2.8094026953624978,3.265759410767051,3.3945083935113587,3.186352633162641,0.0622170192813298,4.6199034290299545,4.7288170623436185
2025-11-16,20.0,14.8,28.0,32.4,24.0,101.59026484016852,0.06217833377542,112.579775,3.044522437723423,2.760009940032921,3.367295829986474,3.5085558999826545,3.2188758248682006,0.06217833377542,4.620947712051217,4.723662081455095
2025-11-23,14.0,12.2,21.6,28.6,19.2,101.696298454679,0.062139696347585,113.13432,2.70805020110221,2.580216829592325,3.1179499062782403,3.3877743613300146,3.005682604407159,0.062139696347585,4.621990905682984,4.728575785366821
2025-11-30,18.2,18.8,31.2,38.2,26.8,101.80233206918948,0.062101106908341,113.074475,2.954910279033736,2.9856819377004897,3.4719664525503626,3.6686767467964168,3.3250360206965914,0.062101106908341,4.623033012195774,4.728046672417024
2025-12-07,18.2,17.2,30.6,38.6,27.4,101.90836568369998,0.0620625653682704,112.27002,2.954910279033736,2.9014215940827497,3.4531571205928664,3.6788291182604347,3.3463891451671604,0.0620625653682704,4.624074033853017,4.720906862612652
2025-12-14,17.0,15.4,24.6,32.2,25.0,101.99296934877624,0.05759141775592,111.74354,2.8903717578961645,2.797281334830153,3.242592351485517,3.502549875922443,3.258096538021482,0.05759141775592,4.624903882955456,4.71620642421649
2025-12-21,12.8,12.0,16.8,27.6,20.6,102.07757301385249,0.0575582691327181,111.2859,2.624668592163159,2.5649493574615367,2.8791984572980396,3.353406717825807,3.0726933146901194,0.0575582691327181,4.6257330439793245,4.712102565620204
2025-12-28,12.8,13.6,19.2,34.2,24.6,102.16217667892872,0.0575251586470537,110.92535,2.624668592163159,2.681021528714291,3.005682604407159,3.5610460826040513,3.242592351485517,0.0575251586470537,4.626561518064733,4.7088574525450975
2026-01-04,15.8,18.0,26.8,36.8,30.2,102.24678034400496,0.0574920862332462,111.03845,2.8213788864092133,2.9444389791664403,3.3250360206965914,3.632309102625542,3.4404180948154366,0.0574920862332462,4.62738930634896,4.70987653772735
2026-01-11,17.2,18.4,28.0,43.8,30.8,102.26031166174972,0.1263303708695762,111.66872,2.9014215940827497,2.9652730660692823,3.367295829986474,3.8022081394209395,3.459466289786131,0.1263303708695762,4.627521637385813,4.7155366310476
2026-01-18,17.6,20.0,29.2,40.2,31.0,102.27384297949448,0.1261709786043896,112.15522,2.9231615807191558,3.044522437723423,3.407841924380824,3.7184382563554808,3.4657359027997265,0.1261709786043896,4.627653950913481,4.719883804689105
2026-01-25,18.2,21.0,31.2,39.2,40.8,102.28737429723924,0.1260119880459154,111.270925,2.954910279033736,3.091042453358316,3.4719664525503626,3.6938669956249757,3.7328963395307104,0.1260119880459154,4.627786246936594,4.711967993247305
2026-02-01,19.6,20.0,40.4,43.2,41.4,102.30090561498398,0.1258533976774778,109.2554,3.0252910757955354,3.044522437723423,3.7232808808312687,3.7887247890836524,3.7471483622379123,0.1258533976774778,4.627918525459785,4.6936882606718004
2026-02-08,16.4,17.8,33.4,44.0,39.6,102.14215776606208,0.1577085837300318,110.26178,2.856470206220483,2.9338568698359038,3.5380565643793527,3.8066624897703196,3.703768066607687,0.1577085837300318,4.6263655465697076,4.702857356691669
2026-02-15,17.8,17.4,36.4,46.6,38.4,101.98340991714016,0.1574602553913173,109.46354,2.9338568698359038,2.91235066461494,3.6216707044204863,3.8628327612373745,3.673765816303888,0.1574602553913173,4.624810152184497,4.695591525773861
2026-02-22,18.2,19.4,41.4,49.2,39.4,101.82466206821825,0.1572127078600438,110.2728,2.954910279033736,3.0155349008501706,3.7471483622379123,3.9160150266976834,3.6988297849671046,0.1572127078600438,4.623252334778351,4.702957295667309
2026-03-01,20.2,25.4,40.8,52.8,31.6,101.66591421929633,0.1569659374593301,110.30596,3.054001181677967,3.2733640101522705,3.7328963395307104,3.9852734671677386,3.484312288372662,0.1569659374593301,4.621692086790238,4.703257959251144
