,SHOCK_Index,VOL_Base_Index,MDI_Index,LEARN_Index,ESCAPE_Index,IIP_sa,INFL_sa,EXR,l_SHOCK_Index,l_VOL_Base_Index,l_MDI_Index,l_LEARN_Index,l_ESCAPE_Index,l_INFL_sa,l_IIP_sa,l_EXR,d_l_SHOCK_Index,d_l_VOL_Base_Index,d_l_MDI_Index,d_l_LEARN_Index,d_l_ESCAPE_Index,d_l_IIP_sa,d_l_EXR,GARCH_vol_l_SHOCK_Index,GARCH_vol_l_VOL_Base_Index,GARCH_vol_l_MDI_Index,GARCH_vol_l_LEARN_Index,GARCH_vol_l_ESCAPE_Index
2022-01-16,0.0,0.0,12.2,0.8,19.6,100.80751045239656,0.0842511716168781,106.92812,0.0,0.0,2.580216829592325,0.5877866649021191,3.025291075795536,0.0842511716168781,4.613212861317966,4.672156833018571,0.0,0.0,0.06252035698133396,0.11778303565638348,-0.019231361927887214,-0.00014615844539722644,-0.008230466940840842,0.0708283647259756,0.2110114667668645,0.1003158227064444,0.1016926094837999,0.0669591199171954
2022-01-23,0.0,0.0,15.4,0.8,21.4,100.79277550659236,0.0841802487710596,107.032325,0.0,0.0,2.797281334830153,0.5877866649021191,3.109060958860994,0.0841802487710596,4.613066681507156,4.673130891641781,0.0,0.0,0.21706450523782772,0.0,0.0837698830654583,-0.0001461798108097767,0.0009740586232105386,0.0637393382477875,0.182516770726118,0.0903922438778624,0.0384535952964277,0.0629584309688662
2022-01-30,0.0,0.0,14.4,0.8,21.2,100.77804056078816,0.0841094452307844,108.15076,0.0,0.0,2.734367509419584,0.5877866649021191,3.100092288878234,0.0841094452307844,4.612920480324683,4.683526179651307,0.0,0.0,-0.06291382541056878,0.0,-0.008968669982760247,-0.0001462011824733267,0.010395288009525494,0.0594743499157601,0.1606846332190776,0.1619394469899834,0.0199884874020203,0.0766474444116762
2022-02-06,0.0,0.0,16.6,0.8,22.4,100.76330561498398,0.084038760695404,107.8043,0.0,0.0,2.8678989020441064,0.5877866649021191,3.152736022363656,0.084038760695404,4.6127742577643005,4.68031754636211,0.0,0.0,0.1335313926245223,0.0,0.05264373348542195,-0.00014622256038254733,-0.0032086332891969604,0.0575463481446183,0.1443446593940899,0.1271104259284363,0.0150762850984163,0.0670862329093078
2022-02-13,0.0,0.0,14.6,0.6,20.2,100.88918276606206,0.3013254693393197,107.32684,0.0,0.0,2.747270914255491,0.4700036292457356,3.054001181677967,0.3013254693393197,4.614022714140301,4.675878758151878,0.0,0.0,-0.12062798778861517,-0.11778303565638348,-0.09873484068568894,0.0012484563760004619,-0.004438788210231692,0.0565195017235859,0.1323868912806436,0.1300585309299072,0.0674053669400078,0.0746284407886151
2022-02-20,0.0,0.0,15.8,0.6,19.2,101.01505991714016,0.3004202266813083,107.76114,0.0,0.0,2.8213788864092133,0.4700036292457356,3.005682604407159,0.3004202266813083,4.61526961381625,4.679917111110739,0.0,0.0,0.07410797215372211,0.0,-0.04831857727080768,0.0012468996759489315,0.004038352958860791,0.0559789895776276,0.1238366804708788,0.1306415424888524,0.0608586613612789,0.0824239657765856
2022-02-27,0.0,0.0,16.2,0.8,20.4,101.14093706821824,0.2995204067962165,108.223025,0.0,0.0,2.8449093838194077,0.5877866649021191,3.0633909220278057,0.2995204067962165,4.616514960669409,4.68419414414328,0.0,0.0,0.023530497410194418,0.11778303565638348,0.05770831762064654,0.001245346853159468,0.004277033032541233,0.0556963154700887,0.1178606134952946,0.1095705754823573,0.0618633028550504,0.0813343725047823
2022-03-06,0.0,0.0,16.0,0.8,20.0,101.26681421929632,0.2986259611027275,108.90986,0.0,0.0,2.833213344056216,0.5877866649021191,3.044522437723423,0.2986259611027275,4.617758758562577,4.690520567621706,0.0,0.0,-0.011696039763191557,0.0,-0.018868484304382704,0.0012437978931671978,0.0063264234784261575,0.0555489986037945,0.1137739782647516,0.0878672349692687,0.0455779287364928,0.0706732828072814
2022-03-13,0.0,0.0,15.2,0.6,19.6,101.24000294556136,0.0801892629154199,110.02108,0.0,0.0,2.785011242238338,0.4700036292457356,3.025291075795536,0.0801892629154199,4.617493964771761,4.70067198379615,0.0,0.0,-0.048202101817877985,-0.11778303565638348,-0.019231361927887214,-0.00026479379081578713,0.010151416174443817,0.0554723651035793,0.1110384682590562,0.0759629695401902,0.0798284607878119,0.0659001937363477
2022-03-20,0.0,0.0,16.0,0.6,20.4,101.21319167182644,0.0801250112594909,109.83482,0.0,0.0,2.833213344056216,0.4700036292457356,3.0633909220278057,0.0801250112594909,4.617229100846622,4.698977600842937,0.0,0.0,0.048202101817877985,0.0,0.03809984623226992,-0.000264863925139025,-0.0016943829532127808,0.0554325392135872,0.1092478474670929,0.0779195951897575,0.0619352106993189,0.0632963355257341
2022-03-27,0.0,0.0,16.6,0.8,20.4,101.1863803980915,0.0800608624844212,109.51482,0.0,0.0,2.8678989020441064,0.5877866649021191,3.0633909220278057,0.0800608624844212,4.616964166749997,4.696059882564343,0.0,0.0,0.03468555798789019,0.11778303565638348,0.0,-0.00026493409662453615,-0.002917718278593995,0.0554118524029704,0.1081058511532216,0.0755856171521705,0.071172484128904,0.0609045558489027
2022-04-03,0.0,0.0,17.6,0.6,20.8,101.15956912435657,0.0799968163432751,109.29598,0.0,0.0,2.923161580719156,0.4700036292457356,3.0819099697950434,0.0799968163432751,4.616699162444696,4.694059615000163,0.0,0.0,0.05526267867504986,-0.11778303565638348,0.018519047767237673,-0.00026500430530163044,-0.002000267564180369,0.0554011098446662,0.1074021039856346,0.0714797414546806,0.0898744758639532,0.0581323940619606
2022-04-10,0.0,0.0,15.8,1.0,19.2,101.12965557631604,0.2267192079857372,110.15534,0.0,0.0,2.8213788864092133,0.6931471805599453,3.005682604407159,0.2267192079857372,4.616403412156436,4.701891551419612,0.0,0.0,-0.10178269430994291,0.2231435513142097,-0.07622736538788422,-0.0002957502882594554,0.007831936419449015,0.055395532047623,0.1069901825870867,0.0746612456764283,0.1331903114763663,0.0580842196206975
2022-04-17,0.0,0.0,17.2,0.8,20.8,101.09974202827554,0.226206354729852,111.02084,0.0,0.0,2.9014215940827497,0.5877866649021191,3.0819099697950434,0.226206354729852,4.616107574374066,4.709717931437679,0.0,0.0,0.08004270767353638,-0.10536051565782623,0.07622736538788422,-0.00029583778237007863,0.007826380018067347,0.0553926361250563,0.1067696821956887,0.0996106535240327,0.1113779584555427,0.072957806276277
2022-04-24,0.0,0.4,17.8,1.0,19.2,101.06982848023505,0.2256958164506883,111.51188,0.0,0.3364722366212129,2.933856869835904,0.6931471805599453,3.005682604407159,0.2256958164506883,4.615811649045803,4.714131132309638,0.0,0.3364722366212129,0.032435275753154524,0.10536051565782623,-0.07622736538788422,-0.0002959253282632801,0.004413200871958622,0.0553911326535121,0.106672534283146,0.0956877644278975,0.1076772235246181,0.0731942672590069
2022-05-01,0.0,0.8,18.0,0.8,19.4,101.03991493219452,0.2251875775091116,113.7064,0.0,0.5877866649021191,2.9444389791664403,0.5877866649021191,3.0155349008501706,0.2251875775091116,4.615515636119816,4.733619687650806,0.0,0.25131442828090617,0.01058210933053605,-0.10536051565782623,0.009852296443011443,-0.00029601292598702145,0.019488555341167668,0.0553903521134692,0.206972287459019,0.0813112116493407,0.102894494226924,0.0805813595359392
2022-05-08,0.0,2.6,16.2,0.6,18.8,101.00843721876214,0.2207533577539111,114.46302,0.0,1.2809338454620642,2.8449093838194077,0.4700036292457356,2.9856819377004897,0.2207533577539111,4.61520405017168,4.740251801396121,0.0,0.6931471805599452,-0.09952959534703254,-0.11778303565638348,-0.02985296314968089,-0.0003115859481361838,0.006632113745315138,0.0553899468934825,0.2176991043258764,0.0717102566423994,0.1206721895779043,0.0693990201405551
2022-05-15,0.0,1.8,13.8,0.8,18.6,100.97695950532972,0.2202671107110143,115.30248000000002,0.0,1.029619417181158,2.694627180770069,0.5877866649021191,2.975529566236472,0.2202671107110143,4.6148923671074815,4.747558936150374,0.0,-0.25131442828090633,-0.15028220304933892,0.11778303565638348,-0.010152371464017929,-0.0003116830641980428,0.007307134754253042,0.0553897365232473,0.4512689482970198,0.0975101725474904,0.0910876145562185,0.0702769930088457
2022-05-22,0.0,2.4,13.2,1.2,17.0,100.94548179189734,0.2197830010447488,114.43122,0.0,1.2237754316221157,2.653241964607215,0.7884573603642702,2.8903717578961645,0.2197830010447488,4.614580586866661,4.739973943812595,0.0,0.19415601444095776,-0.041385216162853844,0.2006706954621511,-0.08515780834030728,-0.0003117802408203474,-0.007584992337778651,0.0553896273096865,0.3928419443667038,0.1323928645442441,0.1168731210723558,0.0662574620891802
2022-05-29,0.0,2.0,12.6,1.0,17.0,100.91400407846491,0.2193010146933627,113.01604,0.0,1.0986122886681098,2.6100697927420065,0.6931471805599453,2.8903717578961645,0.2193010146933627,4.614268709388604,4.727529755541487,0.0,-0.12516314295400588,-0.0431721718652085,-0.09531017980432488,0.0,-0.0003118774780572764,-0.01244418827110838,0.0553895706116214,0.3859695270190699,0.1052784548710888,0.1034903424180108,0.0919357819377061
2022-06-05,0.0,2.6,13.4,0.6,18.0,100.88252636503252,0.2188211377179616,112.765225,0.0,1.2809338454620642,2.667228206581955,0.4700036292457356,2.9444389791664403,0.2188211377179616,4.61395673461264,4.725308002526042,0.0,0.18232155679395445,0.05715841383994835,-0.2231435513142097,0.054067221270275745,-0.0003119747759638969,-0.002221753015445138,0.0553895411769224,0.3216507090618192,0.0907891584347088,0.1533644109516002,0.0813135759909954
2022-06-12,0.0,3.4,13.6,1.0,18.0,100.90703815085956,0.0114481877036221,113.45428,0.0,1.4816045409242156,2.681021528714291,0.6931471805599453,2.9444389791664403,0.0114481877036221,4.614199678651955,4.731399936384675,0.0,0.20067069546215133,0.013793322132336083,0.2231435513142097,0.0,0.00024294403931524045,0.0060919338586336025,0.055389525895957,0.3174667965284924,0.0841486721905404,0.1564266579838029,0.0703487780590262
2022-06-19,0.0,1.6,13.2,0.6,19.6,100.93154993668658,0.0114468772436149,115.85764,0.0,0.9555114450274363,2.653241964607215,0.4700036292457356,3.025291075795536,0.0114468772436149,4.6144425636838,4.752362196049661,0.0,-0.5260930958967792,-0.027779564107075938,-0.2231435513142097,0.08085209662909554,0.00024288503184433097,0.02096225966498544,0.0553895179628756,0.3063276851637941,0.0733091574553898,0.1866943467398053,0.0634366492748975
2022-06-26,0.0,1.8,13.2,0.8,18.4,100.9560617225136,0.0114455670836344,115.234625,0.0,1.029619417181158,2.653241964607215,0.5877866649021191,2.9652730660692823,0.0114455670836344,4.61468538973683,4.746970267337521,0.0,0.07410797215372156,0.0,0.11778303565638348,-0.060018009726253485,0.0002428260530304982,-0.00539192871213956,0.0553895138444334,0.3645691432199346,0.0712714380818629,0.1358249372465187,0.0781256895003987
2022-07-03,0.0,1.2,12.6,0.6,17.0,100.98057350834064,0.0114442572234807,115.39616,0.0,0.7884573603642702,2.6100697927420065,0.4700036292457356,2.8903717578961645,0.0114442572234807,4.6149281568396825,4.748371077957097,0.0,-0.24116205681688774,-0.0431721718652085,-0.11778303565638348,-0.0749013081731178,0.00024276710285242586,0.0014008106195761982,0.0553895117063531,0.3223673258340371,0.0667212142557525,0.1387391653842138,0.0717446775461967
2022-07-10,0.2,1.6,13.4,0.8,19.0,100.9617839250073,0.021093554231033,117.5703,0.1823215567939546,0.9555114450274363,2.667228206581955,0.5877866649021191,2.995732273553991,0.021093554231033,4.614742068258502,4.767036452547739,0.1823215567939546,0.16705408466316618,0.05715841383994835,0.11778303565638348,0.10536051565782634,-0.00018608858118085436,0.018665374590641548,0.0553895105963734,0.304734622358726,0.0723794218057932,0.1124178925120814,0.0797028288879976
2022-07-17,0.0,1.4,14.0,0.8,19.2,100.94299434167397,0.0210891057890627,118.48546000000002,0.0,0.8754687373538999,2.70805020110221,0.5877866649021191,3.005682604407159,0.0210891057890627,4.614555945041915,4.774790252624933,-0.1823215567939546,-0.0800427076735365,0.040821994520255256,0.0,0.009950330853168321,-0.000186123216586509,0.007753800077193951,0.1279324927850814,0.2759892203679974,0.0756332326681218,0.0705679498657208,0.0821673314952253
2022-07-24,0.0,1.8,14.2,1.0,19.2,100.92420475834062,0.0210846592229696,117.20286000000002,0.0,1.029619417181158,2.7212954278522306,0.6931471805599453,3.005682604407159,0.0210846592229696,4.614369787177028,4.763906279575546,0.0,0.15415067982725805,0.013245226750020489,0.10536051565782623,0.0,-0.0001861578648867379,-0.010883973049386597,0.1931686040068577,0.243554739142809,0.0727490487482243,0.0845125918454392,0.0709953415991507
2022-07-31,0.2,2.4,13.8,1.0,18.8,100.90541517500728,0.0210802145315769,116.97414,0.1823215567939546,1.2237754316221157,2.694627180770069,0.6931471805599453,2.9856819377004897,0.0210802145315769,4.614183594650938,4.761952884726964,0.1823215567939546,0.19415601444095776,-0.026668247082161756,0.0,-0.020000666706669445,-0.00018619252609042292,-0.0019533948485825903,0.1550083468814991,0.2240783242517747,0.0675288919017357,0.0612656176805701,0.0646135592590009
2022-08-07,0.2,1.4,13.2,0.8,18.6,100.88662559167396,0.0210757717136855,116.49877999999998,0.1823215567939546,0.8754687373538999,2.653241964607215,0.5877866649021191,2.975529566236472,0.0210757717136855,4.613997367450735,4.757880800847918,0.0,-0.3483066942682158,-0.041385216162853844,-0.10536051565782623,-0.010152371464017929,-0.00018622720020289307,-0.004072083879045785,0.1402861524323494,0.2145440965457488,0.0683928653441537,0.0713326394442512,0.0607303663020525
2022-08-14,0.2,1.2,13.4,1.0,19.4,100.95316283125727,0.0904613645889673,115.89782,0.1823215567939546,0.7884573603642702,2.667228206581955,0.6931471805599453,3.0155349008501706,0.0904613645889673,4.614656674939248,4.752708940850431,0.0,-0.08701137698962969,0.013986241974739855,0.10536051565782623,0.04000533461369882,0.0006593074885126171,-0.00517185999748726,0.1145482490840454,0.2759999569646063,0.0725466187503307,0.0757858822781721,0.0586964701912034
2022-08-21,0.2,1.2,13.6,1.2,18.6,101.0197000708406,0.0903796059640971,117.26962,0.1823215567939546,0.7884573603642702,2.681021528714291,0.7884573603642702,2.975529566236472,0.0903796059640971,4.615315548027784,4.764475728082288,0.0,0.0,0.013793322132336083,0.09531017980432488,-0.04000533461369882,0.0006588730885361826,0.011766787231857201,0.0948710210757121,0.2351476092918669,0.0674702065756645,0.0779466904651708,0.0601574047794689
2022-08-28,0.2,1.0,14.2,1.0,17.8,101.08623731042394,0.0902979949920279,118.73206,0.1823215567939546,0.6931471805599453,2.7212954278522306,0.6931471805599453,2.933856869835904,0.0902979949920279,4.615973987288395,4.776869357817762,0.0,-0.09531017980432488,0.04027389913793966,-0.09531017980432488,-0.04167269640056759,0.0006584392606114875,0.012393629735473866,0.0784082188953451,0.2021373501541719,0.0650294188576271,0.0857761075575451,0.0618777964254339
2022-09-04,0.2,1.0,13.0,1.0,17.6,101.15277455000728,0.0902165312731462,119.29374,0.1823215567939546,0.6931471805599453,2.6390573296152584,0.6931471805599453,2.923161580719156,0.0902165312731462,4.616631993292004,4.781588854969374,0.0,0.0,-0.08223809823697215,0.0,-0.010695289116747997,0.0006580060036087687,0.004719497151612018,0.0683146811105665,0.1947676015193049,0.0678186131157177,0.0656694430213619,0.0667578452638249
2022-09-11,0.2,0.8,15.0,1.0,18.8,101.23329402632088,0.1312316041850447,120.1175,0.1823215567939546,0.5877866649021191,2.772588722239781,0.6931471805599453,2.9856819377004897,0.1312316041850447,4.617427695102196,4.788470430377734,0.0,-0.10536051565782623,0.13353139262452274,0.0,0.06252035698133351,0.0007957018101922841,0.006881575408359986,0.0624344623357594,0.1719034610630554,0.0879788131974092,0.0569385103375299,0.0656749654920048
2022-09-18,0.2,1.0,14.6,1.0,18.4,101.3138135026345,0.1310596125530416,119.76516,0.1823215567939546,0.6931471805599453,2.747270914255491,0.6931471805599453,2.9652730660692823,0.1310596125530416,4.6182227642743765,4.785532825355535,0.0,0.10536051565782623,-0.025317807984289953,0.0,-0.020408871631207415,0.0007950691721800851,-0.0029376050221987526,0.059151701822994,0.1803043263800526,0.1144676130594805,0.0521115931507986,0.0653263169168735
2022-09-25,0.0,0.8,14.8,1.0,16.2,101.39433297894811,0.1308880711540894,121.62458,0.0,0.5877866649021191,2.760009940032921,0.6931471805599453,2.8449093838194077,0.1308880711540894,4.619017201813726,4.800939087262797,-0.1823215567939546,-0.10536051565782623,0.012739025777429802,0.0,-0.12036368224987459,0.0007944375393496017,0.015406261907261687,0.0573734440143443,0.1614741219005178,0.0922390986283523,0.0471887487436983,0.0615202064641224
2022-10-02,0.0,0.8,15.4,1.4,18.4,101.47485245526175,0.1307169782226447,124.10498,0.0,0.5877866649021191,2.797281334830153,0.8754687373538999,2.9652730660692823,0.1307169782226447,4.619811008723035,4.821127820333701,0.0,0.0,0.03727139479723185,0.18232155679395456,0.12036368224987459,0.0007938069093089695,0.02018873307090452,0.147829542631012,0.1776820211705749,0.0775452755792426,0.0887804412580395,0.0969723338045153
2022-10-09,0.0,1.4,15.4,1.2,20.2,101.43036148643893,0.0551744372601081,122.79592,0.0,0.8754687373538999,2.797281334830153,0.7884573603642702,3.054001181677967,0.0551744372601081,4.6193724692821645,4.810523790405387,0.0,0.2876820724517808,0.0,-0.08701137698962969,0.08872811560868454,-0.00043853944087057783,-0.010604029928313885,0.1141607185337184,0.1590579374776247,0.0729168003481895,0.0791091597079889,0.0920490593916498
2022-10-16,0.0,1.4,15.2,1.0,18.6,101.38587051761608,0.0551440118618851,124.1455,0.0,0.8754687373538999,2.785011242238338,0.6931471805599453,2.975529566236472,0.0551440118618851,4.618933737440074,4.821454264821219,0.0,0.0,-0.012270092591814663,-0.09531017980432488,-0.07847161544149506,-0.000438731842090867,0.010930474415832059,0.1030856246255464,0.1927891800416501,0.0675216944092337,0.0837204801013956,0.0943811872132965
2022-10-23,0.0,1.4,15.8,1.0,18.2,101.34137954879324,0.055113620000724,123.57622,0.0,0.8754687373538999,2.8213788864092133,0.6931471805599453,2.954910279033736,0.055113620000724,4.618494813027864,4.816858131691326,0.0,0.0,0.036367644170875124,0.0,-0.02061928720273576,-0.00043892441220982903,-0.004596133129893154,0.0836184991135748,0.1726009704630687,0.0659363519255699,0.0605656815644232,0.081089780180755
2022-10-30,0.0,4.6,14.8,1.0,18.2,101.2968885799704,0.0550832616212471,122.10518,0.0,1.7227665977411035,2.760009940032921,0.6931471805599453,2.954910279033736,0.0550832616212471,4.618055695876414,4.804882804459201,0.0,0.8472978603872037,-0.06136894637629231,0.0,0.0,-0.00043911715144950847,-0.011975327232125466,0.0714504207227242,0.153088723081628,0.0673549088277817,0.0500942504953268,0.0705218400811374
2022-11-06,0.0,13.2,15.4,1.2,17.4,101.25239761114754,0.0550529366680985,122.9872,0.0,2.653241964607215,2.797281334830153,0.7884573603642702,2.91235066461494,0.0550529366680985,4.617616385816378,4.812080284916625,0.0,0.9304753668661114,0.03727139479723185,0.09531017980432488,-0.04255961441879608,-0.00043931006003639084,0.007197480457424632,0.0642307357912222,0.49327523952946,0.0789818091459338,0.0529839751474111,0.0642224217171365
2022-11-13,0.0,13.2,15.8,1.0,16.8,100.95516462928566,0.0200547423339303,120.68345,0.0,2.653241964607215,2.8213788864092133,0.6931471805599453,2.87919845729804,0.0200547423339303,4.614676503720493,4.793171001883557,0.0,0.0,0.02409755157906046,-0.09531017980432488,-0.03315220731689994,-0.002939882095884805,-0.018909283033067936,0.060141858182377,0.6245585340483542,0.0736118777936514,0.0753538414555759,0.0691185499595947
2022-11-20,0.0,5.2,11.8,1.0,13.0,100.65793164742377,0.0200507212134715,117.90348,0.0,1.824549292051046,2.5494451709255714,0.6931471805599453,2.6390573296152584,0.0200507212134715,4.611727953227543,4.769866323647161,0.0,-0.828692672556169,-0.27193371548364187,0.0,-0.24014112768278162,-0.002948550492949842,-0.02330467823639637,0.0579053835267748,0.5166184086248145,0.068894649182694,0.0588302288561381,0.0724184587173037
2022-11-27,0.6,4.6,16.2,1.4,17.2,100.36069866556188,0.0200467017051897,118.300075,0.4700036292457356,1.7227665977411035,2.8449093838194077,0.8754687373538999,2.9014215940827497,0.0200467017051897,4.608770683067871,4.773224404965544,0.4700036292457356,-0.10178269430994247,0.2954642128938363,0.18232155679395456,0.2623642644674913,-0.002957270159671843,0.0033580813183826663,0.0567095530217327,0.5044846874404098,0.198539397992927,0.0952354493797291,0.1854603014046634
2022-12-04,3.2,5.4,18.6,1.4,16.8,100.0634656837,0.0200426838081524,117.49056,1.4350845252893227,1.8562979903656265,2.975529566236472,0.8754687373538999,2.87919845729804,0.0200426838081524,4.605804641515611,4.766357989931217,0.9650808960435872,0.13353139262452296,0.13062018241706408,0.0,-0.022223136784709663,-0.0029660415522601014,-0.006866415034326501,0.3053327913360447,0.4230714635257919,0.2414526046121686,0.0634466142344123,0.1701502013871831
2022-12-11,3.8,5.0,17.0,1.4,17.2,100.33669434877623,0.1979783803081058,117.03362,1.5686159179138452,1.791759469228055,2.8903717578961645,0.8754687373538999,2.9014215940827497,0.1979783803081058,4.608531474012491,4.76246124394788,0.13353139262452252,-0.06453852113757153,-0.08515780834030728,0.0,0.022223136784709663,0.002726832496879439,-0.0038967459833374463,0.3741092331409991,0.365934443256839,0.1888593302830588,0.0446981205313064,0.1283137582442202
2022-12-18,2.0,2.6,10.0,1.4,12.8,100.60992301385248,0.1975872003691092,116.4522,1.0986122886681098,1.2809338454620642,2.3978952727983707,0.8754687373538999,2.624668592163159,0.1975872003691092,4.611250891109873,4.757480888380319,-0.47000362924573547,-0.5108256237659907,-0.49247648509779385,0.0,-0.2767530019195905,0.002719417097382326,-0.0049803555675609346,0.2739218643562722,0.3061203766535101,0.1484944780627324,0.0298282301863537,0.1028550691804902
2022-12-25,1.6,2.2,8.8,1.2,12.6,100.88315167892873,0.197197563224738,116.40632,0.9555114450274363,1.1631508098056809,2.2823823856765264,0.7884573603642702,2.6100697927420065,0.197197563224738,4.613962933029558,4.757086829356035,-0.14310084364067344,-0.11778303565638337,-0.11551288712184427,-0.08701137698962969,-0.01459879942115272,0.0027120419196853263,-0.0003940590242841324,0.2501282249576141,0.3727191095841654,0.3539288949844886,0.0555464232699191,0.1911668920505315
2023-01-01,2.2,6.2,11.8,1.4,16.4,101.15638034400496,0.1968094597659009,115.98805,1.1631508098056809,1.9740810260220096,2.5494451709255714,0.8754687373538999,2.856470206220483,0.1968094597659009,4.616667639666979,4.753487168558345,0.20763936477824452,0.8109302162163288,0.26706278524904503,0.08701137698962969,0.24640041347847674,0.0027047066374201734,-0.0035996607976898076,0.1841031174277418,0.3146011151082659,0.2560615394891627,0.0506877714852115,0.1553972298541847
2023-01-08,3.0,6.6,13.8,2.0,17.8,101.04480539820077,0.0177500083304638,116.37465,1.3862943611198906,2.028148247292285,2.694627180770069,1.0986122886681098,2.933856869835904,0.0177500083304638,4.6155640362759405,4.756814728073912,0.2231435513142097,0.05406722127027552,0.14518200984449736,0.22314355131420993,0.07738666361542101,-0.0011036033910380993,0.003327559515566847,0.1480377595826892,0.5017232134790529,0.2510058346453946,0.1066255137888389,0.1543118389721095
2023-01-15,3.4,18.2,15.2,2.4,18.4,100.93323045239656,0.017746858261658,114.73182,1.4816045409242156,2.954910279033736,2.785011242238338,1.2237754316221157,2.9652730660692823,0.017746858261658,4.6144592135987255,4.74259740501653,0.09531017980432499,0.9267620317414509,0.09038406146826938,0.12516314295400588,0.0314161962333781,-0.0011048226772150116,-0.014217323057382103,0.1386913479611013,0.4153126788165096,0.1988857104015951,0.1218938510232588,0.1355856698034186
2023-01-22,4.4,23.0,16.2,2.8,19.6,100.82165550659236,0.0177437093106913,114.182575,1.6863989535702288,3.1780538303479458,2.8449093838194077,1.33500106673234,3.025291075795536,0.0177437093106913,4.613353168938163,4.737798702392521,0.20479441264601328,0.2231435513142097,0.05989814158106954,0.11122563511022432,0.060018009726253485,-0.0011060446605624108,-0.004798702624008833,0.124918324892644,0.5854885488456658,0.1527389358001876,0.1363122837530425,0.1209573607349559
2023-01-29,5.0,15.4,17.0,2.6,20.2,100.71008056078816,0.0177405614770531,113.84372,1.791759469228055,2.797281334830153,2.8903717578961645,1.2809338454620642,3.054001181677967,0.0177405614770531,4.612245899588124,4.734826630689725,0.10536051565782611,-0.3807724955177929,0.045462374076756795,-0.054067221270275745,0.02871010588243106,-0.0011072693500393527,-0.0029720717027954535,0.1911915462715602,0.5027345085091934,0.1185184719574315,0.0836053190699902,0.1183075607897961
2023-02-05,5.8,11.0,17.8,2.8,18.4,100.59850561498398,0.017737414760055,113.85764,1.916922612182061,2.4849066497880004,2.933856869835904,1.33500106673234,2.9652730660692823,0.017737414760055,4.611137402833477,4.734948896099271,0.1251631429540061,-0.3123746850421525,0.043485111939739696,0.054067221270275745,-0.08872811560868454,-0.0011084967546466373,0.000122265409546074,0.1514074072033127,0.430744680419764,0.0960342381189297,0.078752671760809,0.1068241262434739
2023-02-12,5.4,8.6,16.4,2.8,18.6,100.67303276606206,0.0518857641555348,115.19318,1.8562979903656265,2.26176309847379,2.856470206220483,1.33500106673234,2.975529566236472,0.0518857641555348,4.611877966105201,4.746610545120431,-0.060624621816434576,-0.22314355131421015,-0.07738666361542101,0.0,0.010256500167189486,0.000740563271723893,0.011661649021159626,0.155063606750469,0.3624599903770946,0.0834713277131878,0.0488237766293636,0.0893493655832124
2023-02-19,4.8,7.0,16.0,3.4,18.4,100.74755991714017,0.0518588567914202,115.4439,1.7578579175523736,2.079441541679836,2.833213344056216,1.4816045409242156,2.9652730660692823,0.0518588567914202,4.61261798134879,4.74878469767874,-0.09844007281325284,-0.182321556793954,-0.023256862164267034,0.14660347419187558,-0.010256500167189486,0.0007400152435890206,0.002174152558309217,0.1276841069636454,0.3090371649540859,0.0918415109006143,0.0743967457593746,0.0747879139993157
2023-02-26,5.0,6.6,16.4,3.6,18.4,100.82208706821824,0.0518319773205266,116.527975,1.791759469228055,2.028148247292285,2.856470206220483,1.5260563034950492,2.9652730660692823,0.0518319773205266,4.613357449374743,4.758131372934825,0.03390155167568132,-0.051293294387551036,0.023256862164267034,0.04445176257083361,0.0,0.0007394680259533715,0.00934667525608468,0.1077887273039403,0.2721650291445985,0.0796081990996454,0.0547875339933496,0.0667741878153112
2023-03-05,4.8,6.6,16.6,3.2,19.2,100.89661421929632,0.0518051256995111,116.74158,1.7578579175523736,2.028148247292285,2.8678989020441064,1.4350845252893227,3.005682604407159,0.0518051256995111,4.614096370991761,4.759962774033894,-0.03390155167568132,0.0,0.011428695823623158,-0.09097177820572644,0.04040953833787686,0.0007389216170174961,0.0018314010990687635,0.0873339447063574,0.2325233124034832,0.0717550219246486,0.0772008238804022,0.0614504321176
2023-03-12,5.2,8.0,16.6,3.4,18.4,100.91560294556136,0.0877731305747753,117.23316,1.824549292051046,2.19722457733622,2.8678989020441064,1.4816045409242156,2.9652730660692823,0.0877731305747753,4.6142845531205525,4.764164772277893,0.06669137449867235,0.16907633004393485,0.0,0.04652001563489283,-0.04040953833787686,0.00018818212879168073,0.004201998243999583,0.0949085086190968,0.2004674565429651,0.0669624561645223,0.0476665361236641,0.0619810599325641
2023-03-19,6.2,10.6,17.4,4.2,19.0,100.93459167182644,0.0876961569124645,116.43898,1.9740810260220096,2.451005098112319,2.91235066461494,1.6486586255873816,2.995732273553991,0.0876961569124645,4.614472699843493,4.757367358962723,0.14953173397096364,0.25378052077609903,0.04445176257083361,0.16705408466316607,0.03045920748470854,0.00018814672294009682,-0.006797413315170253,0.0914819512015179,0.1873351698876155,0.0646677801126653,0.0788843488387665,0.0623919662253642
2023-03-26,6.4,9.6,17.6,6.2,18.6,100.9535803980915,0.0876193181377438,115.47346,2.0014800002101243,2.360854001118021,2.923161580719156,1.9740810260220096,2.975529566236472,0.0876193181377438,4.614660811173903,4.74904072000778,0.027398974188114655,-0.09015109699429802,0.01081091610421625,0.325422400434628,-0.020202707317519053,0.00018811133041030104,-0.008326638954942567,0.1066448582021495,0.2014079200391812,0.0686884335477877,0.1790242623844936,0.0607569377729788
2023-04-02,6.2,8.6,16.2,6.4,18.6,100.97256912435655,0.087542613896363,114.84754,1.9740810260220096,2.26176309847379,2.8449093838194077,2.0014800002101243,2.975529566236472,0.087542613896363,4.614848887125096,4.7436055096632215,-0.027398974188114655,-0.09909090264423082,-0.0782521968997485,0.027398974188114655,0.0,0.00018807595119341158,-0.005435210344558961,0.0852485466216898,0.1869729581180222,0.0654660018615304,0.152985163601961,0.0596212379884832
2023-04-09,6.4,7.0,16.0,5.2,19.8,100.90505828592416,0.0244894315499788,114.01204,2.0014800002101243,2.079441541679836,2.833213344056216,1.824549292051046,3.0349529867072724,0.0244894315499788,4.614180057777187,4.736304056852814,0.027398974188114655,-0.182321556793954,-0.011696039763191557,-0.1769307081590783,0.059423420470800625,-0.0006688293479095719,-0.007301452810407838,0.0716796363358859,0.1696125328733083,0.0853585025889656,0.1299968402045826,0.057542236717616
2023-04-16,6.6,8.4,18.6,5.8,19.8,100.83754744749174,0.0244834356957657,113.91936,2.028148247292285,2.2407096892759584,2.975529566236472,1.916922612182061,3.0349529867072724,0.0244834356957657,4.613510780797176,4.735490829670357,0.026668247082160867,0.16126814759612218,0.14231622218025564,0.09237332013101507,0.0,-0.0006692769800107357,-0.0008132271824567994,0.0661497024667431,0.1831331577554424,0.0746560844843641,0.1165478937732125,0.0651125823201837
2023-04-23,6.2,7.4,18.8,6.2,18.2,100.77003660905936,0.0244774427767824,114.01088,1.9740810260220096,2.128231705849268,2.9856819377004897,1.9740810260220096,2.954910279033736,0.0244774427767824,4.612841055585481,4.736293882437014,-0.05406722127027552,-0.11247798342669046,0.010152371464017929,0.057158413839948574,-0.08004270767353638,-0.0006697252116953933,0.000803052766657153,0.0603295748356993,0.1814844792320546,0.1148102570444929,0.0869760519186256,0.0610474815630173
2023-04-30,5.8,8.0,16.8,6.6,18.4,100.70252577062692,0.0244714527909639,113.9864,1.916922612182061,2.19722457733622,2.87919845729804,2.028148247292285,2.9652730660692823,0.0244714527909639,4.612170881541315,4.73607914303228,-0.057158413839948574,0.0689928714869521,-0.1064834804024497,0.05406722127027552,0.010362787035546273,-0.0006701740441652504,-0.00021473940473359932,0.0735101458047681,0.1867451341586089,0.090090691136303,0.0611755168628064,0.0725111970692242
2023-05-07,5.8,7.6,15.8,6.0,18.4,100.63501493219454,0.0244654657360454,113.95298,1.916922612182061,2.151762203259462,2.8213788864092133,1.9459101490553128,2.9652730660692823,0.0244654657360454,4.6115002580626845,4.7357859071707145,0.0,-0.04546237407675813,-0.05781957088882672,-0.08223809823697237,0.0,-0.000670623478630894,-0.0002932358615659325,0.0739189842108755,0.1661461014082525,0.107444248832256,0.0849709551797796,0.0650191221456656
2023-05-14,5.8,6.2,14.8,6.4,19.8,100.47229279040404,0.0195797188258239,113.88846,1.916922612182061,1.9740810260220096,2.760009940032921,2.0014800002101243,3.0349529867072724,0.0195797188258239,4.609881995860835,4.73521954837554,0.0,-0.17768117723745225,-0.06136894637629231,0.0555698511548115,0.06967992063799011,-0.001618262201849241,-0.0005663587951740823,0.0661537116235893,0.1568141173557724,0.0959222803141785,0.0559394007147271,0.0616745858048857
2023-05-21,5.2,6.6,15.0,5.8,16.8,100.30957064861354,0.0195758859224071,114.89682,1.824549292051046,2.028148247292285,2.772588722239781,1.916922612182061,2.87919845729804,0.0195758859224071,4.608261110641129,4.744034508231507,-0.09237332013101507,0.05406722127027552,0.01257878220686015,-0.08455738802806323,-0.1557545294092324,-0.0016208852197063806,0.008814959855966364,0.0645104983515472,0.1845099346299691,0.0913830816693936,0.0888226721645038,0.069295198012748
2023-05-28,4.6,5.8,13.0,5.4,17.0,100.14684850682303,0.0195720545193234,115.83824,1.7227665977411035,1.916922612182061,2.6390573296152584,1.8562979903656265,2.8903717578961645,0.0195720545193234,4.606637593886534,4.75219473515182,-0.10178269430994247,-0.1112256351102241,-0.13353139262452274,-0.060624621816434576,0.011173300598124492,-0.0016235167545950446,0.00816022692031293,0.095390293562059,0.1624881103657379,0.0770781778460351,0.1027968770145093,0.1104426663902607
2023-06-04,4.6,6.2,13.4,6.6,17.2,99.98412636503254,0.0195682246157513,115.9051,1.7227665977411035,1.9740810260220096,2.667228206581955,2.028148247292285,2.9014215940827497,0.0195682246157513,4.605011437038469,4.752771752828834,0.0,0.057158413839948574,0.0281708769666964,0.17185025692665867,0.011049836186585171,-0.0016261568480651079,0.0005770176770143465,0.102632095061847,0.1777763652738016,0.1168682706710928,0.1056767027290274,0.089515622370295
2023-06-11,4.6,5.4,13.2,6.0,17.6,100.15416315085956,0.0637080083541796,115.38808,1.7227665977411035,1.8562979903656265,2.653241964607215,1.9459101490553128,2.923161580719156,0.0637080083541796,4.606710630402717,4.74830105584464,0.0,-0.11778303565638315,-0.013986241974739855,-0.08223809823697237,0.021739986636406528,0.001699193364248508,-0.004470696984194333,0.0839234299010326,0.1569795236409099,0.0924918297661392,0.0961177526102891,0.0768456350442381
2023-06-18,4.0,5.0,13.8,6.2,17.2,100.32419993668658,0.0636674470916531,114.36448,1.6094379124341005,1.791759469228055,2.694627180770069,1.9740810260220096,2.9014215940827497,0.0636674470916531,4.608406941405873,4.739390541223361,-0.11332868530700302,-0.06453852113757153,0.041385216162853844,0.028170876966696845,-0.021739986636406528,0.0016963110031555928,-0.00891051462127912,0.0779828088463592,0.1773969297899362,0.0786558718901218,0.0681624663934853,0.0670940534156469
2023-06-25,4.0,6.2,13.2,6.0,18.2,100.4942367225136,0.0636269374449272,114.020025,1.6094379124341005,1.9740810260220096,2.653241964607215,1.9459101490553128,2.954910279033736,0.0636269374449272,4.610100379810143,4.73637409086319,0.0,0.18232155679395468,-0.041385216162853844,-0.028170876966696845,0.053488684950986354,0.0016934384042706085,-0.0030164503601701753,0.111701883536064,0.1699294777956027,0.0743093960359728,0.0478818467061325,0.0641258237462825
2023-07-02,3.4,4.6,12.6,5.4,16.2,100.66427350834064,0.0635864793155027,114.30096,1.4816045409242156,1.7227665977411035,2.6100697927420065,1.8562979903656265,2.8449093838194077,0.0635864793155027,4.611790955328222,4.738834969715625,-0.12783337150988494,-0.2513144282809061,-0.0431721718652085,-0.0896121586896863,-0.11000089521432832,0.0016905755180784965,0.0024608788524345115,0.0888351353192928,0.1649523466203724,0.0751361356313945,0.064011775043167,0.0656454643448569
2023-07-09,4.0,5.4,13.8,6.0,18.8,100.6573439250073,0.1050924282388399,114.45005,1.6094379124341005,1.8562979903656265,2.694627180770069,1.9459101490553128,2.9856819377004897,0.1050924282388399,4.611722114401704,4.740138483270477,0.12783337150988494,0.13353139262452296,0.08455738802806234,0.0896121586896863,0.140772553881082,-6.88409265174883e-05,0.0013035135548520316,0.144114344053089,0.2406589046414994,0.0760228638691914,0.0625461352017114,0.0898214669032621
2023-07-16,3.6,4.4,14.6,6.0,18.4,100.65041434167397,0.1049821000007611,112.51918,1.5260563034950492,1.6863989535702288,2.747270914255491,1.9459101490553128,2.9652730660692823,0.1049821000007611,4.611653268735787,4.723123696001784,-0.08338160893905133,-0.16989903679539764,0.052643733485422395,0.0,-0.020408871631207415,-6.884566591747188e-05,-0.017014787268692544,0.1475470137538216,0.213444706935671,0.0871514427724903,0.0440129937882861,0.1032419056930096
2023-07-23,3.4,5.0,13.6,5.8,19.0,100.64348475834062,0.1048720031694872,112.12328,1.4816045409242156,1.791759469228055,2.681021528714291,1.916922612182061,2.995732273553991,0.1048720031694872,4.611584418329818,4.719598980239004,-0.04445176257083361,0.10536051565782611,-0.0662493855412003,-0.02898753687325173,0.03045920748470854,-6.885040596937841e-05,-0.0035247157627802395,0.1617072990919768,0.2345199675841622,0.08114746817154,0.0464210819236817,0.0832033912709066
2023-07-30,3.4,4.8,14.0,6.0,18.6,100.63655517500727,0.1047621370178664,112.92358,1.4816045409242156,1.7578579175523736,2.70805020110221,1.9459101490553128,2.975529566236472,0.1047621370178664,4.611515563183144,4.726711306743873,0.0,-0.03390155167568132,0.027028672387919173,0.02898753687325173,-0.020202707317519053,-6.885514667320791e-05,0.0071123265048687045,0.1222225320197837,0.2034495400678329,0.0864577246761269,0.0290964000101051,0.0771573326287964
2023-08-06,3.2,4.8,14.4,5.0,17.2,100.62962559167394,0.1046525008215448,113.84032,1.4350845252893227,1.7578579175523736,2.734367509419584,1.791759469228055,2.9014215940827497,0.1046525008215448,4.611446703295112,4.734796764740401,-0.04652001563489283,0.0,0.026317308317374,-0.15415067982725783,-0.07410797215372211,-6.885988803251308e-05,0.008085457996528156,0.0979074250364059,0.18792267352195,0.0757042971121236,0.0898198164873922,0.0673942399353637
2023-08-13,3.4,4.2,13.2,6.2,17.4,100.69273783125728,0.0824772869906897,114.34094,1.4816045409242156,1.6486586255873816,2.653241964607215,1.9740810260220096,2.91235066461494,0.0824772869906897,4.612073680254628,4.739184686897012,0.04652001563489283,-0.109199291964992,-0.08112554481236911,0.18232155679395468,0.010929070532190277,0.0006269769595164121,0.0043879221566109905,0.095355394966479,0.1672796198719759,0.0701970924506198,0.1015837462145353,0.0760032367949581
2023-08-20,3.6,4.4,13.8,5.0,16.8,100.7558500708406,0.0824093180209706,115.11912,1.5260563034950492,1.6863989535702288,2.694627180770069,1.791759469228055,2.87919845729804,0.0824093180209706,4.612700264360334,4.745967418352536,0.04445176257083361,0.03774032798284721,0.041385216162853844,-0.18232155679395468,-0.03315220731689994,0.0006265841057055965,0.006782731455523994,0.083191815452739,0.176577882943958,0.0883197022913725,0.1392762183456085,0.0673860686673869
2023-08-27,4.2,4.2,15.0,5.2,17.4,100.81896231042394,0.0823414609845141,115.64878,1.6486586255873816,1.6486586255873816,2.772588722239781,1.824549292051046,2.91235066461494,0.0823414609845141,4.613326456104234,4.750557839551335,0.12260232209233246,-0.03774032798284721,0.07796154146971235,0.03278982282299103,0.03315220731689994,0.0006261917439003284,0.004590421198798822,0.0704525110537201,0.1561370824735602,0.0790745069471365,0.0898181083138572,0.0709039321571316
2023-09-03,4.0,3.8,14.6,4.6,16.0,100.88207455000727,0.0822737156050745,115.67816,1.6094379124341005,1.5686159179138452,2.747270914255491,1.7227665977411035,2.833213344056216,0.0822737156050745,4.613952255977407,4.750811852336512,-0.03922071315328113,-0.08004270767353638,-0.025317807984289953,-0.10178269430994247,-0.0791373205587238,0.0006257998731724612,0.0002540127851773377,0.0996930051994001,0.1532607798073775,0.0857599503912192,0.1079414404861503,0.0638842865198784
2023-09-10,4.6,5.0,15.6,5.0,17.4,100.8342690263209,0.0257751208740053,116.82055,1.7227665977411035,1.791759469228055,2.8094026953624978,1.791759469228055,2.91235066461494,0.0257751208740053,4.613478268359608,4.760638996699009,0.11332868530700302,0.2231435513142097,0.06213178110700657,0.06899287148695143,0.0791373205587238,-0.0004739876177985991,0.009827144362496654,0.0936846954617096,0.1589331055329349,0.0768405061362527,0.0731168294782368,0.0825744421369597
2023-09-17,4.8,4.0,16.8,5.0,18.8,100.78646350263452,0.0257684790174073,116.6115,1.7578579175523736,1.6094379124341005,2.87919845729804,1.791759469228055,2.9856819377004897,0.0257684790174073,4.613004055971005,4.758847896840298,0.035091319811270116,-0.18232155679395445,0.06979576193554227,0.0,0.07333127308554976,-0.00047421238860323456,-0.0017910998587105098,0.1266448271383423,0.1720749240825825,0.0791639644962388,0.0521484546435801,0.0768505300222963
2023-09-24,5.2,4.8,16.0,5.2,18.0,100.73865797894814,0.0257618405829163,116.7306,1.824549292051046,1.7578579175523736,2.833213344056216,1.824549292051046,2.9444389791664403,0.0257618405829163,4.612529618598318,4.759868715718183,0.06669137449867235,0.14842000511827314,-0.04598511324182386,0.03278982282299103,-0.04124295853404947,-0.0004744373726870421,0.0010208188778850769,0.0992310754889869,0.2122448925737055,0.0827820466849225,0.040516545403446,0.0804497875925513
2023-10-01,4.6,4.8,15.8,4.8,18.4,100.69085245526176,0.0257552055679122,117.75514,1.7227665977411035,1.7578579175523736,2.8213788864092133,1.7578579175523736,2.9652730660692823,0.0257552055679122,4.612054956027963,4.768607383748486,-0.10178269430994247,0.0,-0.01183445764700286,-0.06669137449867235,0.020834086902842053,-0.00047466257035466697,0.008738668030302321,0.0972284673803443,0.1971459827409833,0.0803441442584293,0.0493965020157625,0.0694918386201439
2023-10-08,4.8,4.4,15.2,4.6,17.6,100.78490148643893,0.0321601953430672,118.53972,1.7578579175523736,1.6863989535702288,2.785011242238338,1.7227665977411035,2.923161580719156,0.0321601953430672,4.612988557577215,4.775248094285028,0.035091319811270116,-0.0714589639821448,-0.036367644170875124,-0.035091319811270116,-0.0421114853501261,0.0009336015492520389,0.006640710536542471,0.1155135350872428,0.1751881092291679,0.0721066812079767,0.0488142593342846,0.0654111318061566
2023-10-15,5.0,6.2,16.2,5.0,18.0,100.87895051761608,0.0321498558865984,117.92615,1.791759469228055,1.9740810260220096,2.8449093838194077,1.791759469228055,2.9444389791664403,0.0321498558865984,4.61392128832753,4.770058581083768,0.03390155167568132,0.2876820724517808,0.05989814158106954,0.06899287148695143,0.021277398447284046,0.0009327307503150806,-0.005189513201259821,0.1011674496926652,0.1655631146338546,0.0727715852823374,0.046199949125136,0.0650067672437803
2023-10-22,5.2,4.8,16.6,4.8,17.6,100.97299954879324,0.0321395230762577,118.13344,1.824549292051046,1.7578579175523736,2.8678989020441064,1.7578579175523736,2.923161580719156,0.0321395230762577,4.614853149901838,4.771814832996946,0.03278982282299103,-0.216223108469636,0.022989518224698635,-0.03390155167568132,-0.021277398447284046,0.0009318615743074687,0.001756251913177742,0.0830001571010718,0.210316904284234,0.0766704538756554,0.0470131344439494,0.0608232249276792
2023-10-29,4.8,5.2,15.8,4.6,17.2,101.0670485799704,0.0321291969056058,118.31864,1.7578579175523736,1.824549292051046,2.8213788864092133,1.7227665977411035,2.9014215940827497,0.0321291969056058,4.615784143918532,4.773381324083611,-0.06669137449867235,0.06669137449867235,-0.04652001563489305,-0.035091319811270116,-0.021739986636406528,0.0009309940166941644,0.0015664910866650672,0.0717307439953541,0.2375244845279699,0.0702606877721458,0.0523281025866333,0.0605795752396331
2023-11-05,5.4,5.4,17.0,5.0,17.8,101.16109761114754,0.0321188773682479,118.30295999999998,1.8562979903656265,1.8562979903656265,2.8903717578961645,1.791759469228055,2.933856869835904,0.0321188773682479,4.616714271991492,4.773248791804031,0.09844007281325284,0.03174869831458049,0.06899287148695121,0.06899287148695143,0.032435275753154524,0.0009301280729605566,-0.00013253227958021085,0.0838189520045398,0.207871875425855,0.074916623983468,0.0444879058350514,0.0612321217725934
2023-11-12,5.8,5.6,18.0,5.4,18.8,101.09586462928564,0.0638594953314086,117.49515,1.916922612182061,1.88706964903238,2.9444389791664403,1.8562979903656265,2.9856819377004897,0.0638594953314086,4.616069221424123,4.766397056136567,0.060624621816434576,0.030771658666753465,0.054067221270275745,0.06453852113757153,0.05182506786458552,-0.0006450505673694096,-0.006851735667463998,0.1032705245285881,0.1799157028906033,0.080682997986732,0.0448220837091129,0.0590083040957557
2023-11-19,5.0,3.2,13.2,5.6,13.0,101.03063164742376,0.0638187410054724,116.76442,1.791759469228055,1.4350845252893227,2.653241964607215,1.88706964903238,2.6390573296152584,0.0638187410054724,4.615423754497932,4.760158400699357,-0.1251631429540061,-0.4519851237430572,-0.2911970145592253,0.030771658666753465,-0.3466246080852313,-0.0006454669261906076,-0.006238655437210028,0.0830751977459302,0.158578728405271,0.0784547155635042,0.0387075132830334,0.0648608243477879
2023-11-26,5.8,5.0,18.2,7.0,17.6,100.96539866556188,0.0637780386641528,115.855875,1.916922612182061,1.791759469228055,2.954910279033736,2.079441541679836,2.923161580719156,0.0637780386641528,4.6147778706750815,4.7523469617203205,0.1251631429540061,0.3566749439387322,0.3016683144265211,0.19237189264745624,0.2841042511038978,-0.0006458838228509123,-0.007811438979036467,0.1108480777925494,0.3052216919988239,0.212371342939614,0.1023409359510651,0.2190433627780892
2023-12-03,6.0,5.6,19.0,6.2,17.4,100.90016568369998,0.0637373882080627,115.16432,1.9459101490553128,1.88706964903238,2.995732273553991,1.9740810260220096,2.91235066461494,0.0637373882080627,4.614131569416688,4.746359978065735,0.02898753687325173,0.09531017980432499,0.04082199452025481,-0.10536051565782656,-0.01081091610421625,-0.0006463012583939332,-0.005986983654585387,0.1400233031071899,0.3271895158561822,0.2500627174722924,0.0852346056846997,0.1974602427644698
2023-12-10,5.8,5.0,17.8,5.4,17.8,100.69486861576098,0.1124148282866777,115.82922,1.916922612182061,1.791759469228055,2.933856869835904,1.8562979903656265,2.933856869835904,0.1124148282866777,4.612094841283764,4.752116864914847,-0.02898753687325173,-0.09531017980432499,-0.06187540371808664,-0.11778303565638315,0.021506205220964247,-0.0020367281329232156,0.005756886849112242,0.1136906298824614,0.2738232841235836,0.1761390733376394,0.0960286078583275,0.1463884469590979
2023-12-17,3.8,3.4,11.8,5.2,14.6,100.48957154782198,0.1122885992506317,115.14466,1.5686159179138452,1.4816045409242156,2.5494451709255714,1.824549292051046,2.747270914255491,0.1122885992506317,4.610053956421785,4.746189250896975,-0.3483066942682158,-0.3101549283038394,-0.3844116989103328,-0.03174869831458049,-0.18658595558041302,-0.0020408848619792863,-0.005927614017871896,0.0902267036943911,0.2420350792553108,0.1351557153560059,0.0886144772121022,0.1154981189724133
2023-12-24,2.8,3.0,9.4,4.6,11.8,100.28427447988297,0.1121626533782782,113.82676,1.33500106673234,1.3862943611198906,2.341805806147327,1.7227665977411035,2.5494451709255714,0.1121626533782782,4.60800889782923,4.734677643433833,-0.23361485118150527,-0.09531017980432499,-0.2076393647782444,-0.10178269430994247,-0.19782574332991976,-0.0020450585925546605,-0.011511607463142504,0.2445508541572122,0.2762749969199371,0.2824616898412969,0.1219175171639629,0.144544418388423
2023-12-31,3.4,4.6,12.4,5.8,17.0,100.07897741194397,0.1120369897178452,112.76405,1.4816045409242156,1.7227665977411035,2.5952547069568657,1.916922612182061,2.8903717578961645,0.1120369897178452,4.605959648400059,4.725297582592753,0.14660347419187558,0.33647223662121295,0.25344890080953864,0.19415601444095754,0.3409265869705931,-0.002049249429171063,-0.009380060841079896,0.2186845203841257,0.2428020468367066,0.2429314392989461,0.1119986270204261,0.1939880094629507
2024-01-07,4.4,8.8,14.6,6.0,18.6,99.87368034400497,0.1119116073218684,113.9836,1.6863989535702288,2.2823823856765264,2.747270914255491,1.9459101490553128,2.975529566236472,0.1119116073218684,4.603906190922849,4.736054578396581,0.20479441264601328,0.5596157879354229,0.15201620729862553,0.02898753687325173,0.08515780834030728,-0.0020534574772099745,0.010756995803827607,0.1701495379855144,0.2556749773816187,0.238484142726252,0.0702282372102623,0.200466360369011
2024-01-14,4.6,9.2,15.0,6.0,18.4,99.96573666174972,0.0407727065123486,114.15096,1.7227665977411035,2.322387720290225,2.772588722239781,1.9459101490553128,2.9652730660692823,0.0407727065123486,4.604827493893359,4.7375217829273,0.03636764417087468,0.04000533461369882,0.025317807984289953,0.0,-0.010256500167189486,0.0009213029705099629,0.001467204530719357,0.1405238093639352,0.344330178121858,0.1940887543302746,0.0451360686429766,0.1632266488379817
2024-01-21,5.2,10.2,17.2,6.6,21.0,100.05779297949448,0.0407560891517722,115.253075,1.824549292051046,2.4159137783010487,2.9014215940827497,2.028148247292285,3.091042453358316,0.0407560891517722,4.605747948845928,4.7471303626488055,0.10178269430994247,0.09352605801082348,0.12883287184296854,0.08223809823697237,0.12576938728903375,0.0009204549525687611,0.009608579721505528,0.1086833435001997,0.2874999395300487,0.1391982139259855,0.0630320752150254,0.1298136205806586
2024-01-28,5.4,10.6,17.0,6.6,20.6,100.14984929723924,0.0407394853308096,115.1948,1.8562979903656265,2.451005098112319,2.8903717578961645,2.028148247292285,3.0726933146901194,0.0407394853308096,4.606667557340243,4.746624608354112,0.03174869831458049,0.03509131981127034,-0.011049836186585171,0.0,-0.018349138668196652,0.0009196084943150495,-0.0005057542946937943,0.1311071158164429,0.2583173466851164,0.1335487446301443,0.0507209645544357,0.1463941751002521
2024-02-04,5.6,9.0,18.6,6.4,21.2,100.24190561498398,0.0407228950329408,115.15288,1.88706964903238,2.302585092994046,2.975529566236472,2.0014800002101243,3.100092288878234,0.0407228950329408,4.607586320931696,4.746260636809334,0.030771658666753465,-0.14842000511827314,0.08515780834030728,-0.026668247082160867,0.027398974188114433,0.0009187635914527092,-0.0003639715447780745,0.1014728161004113,0.2252089704582028,0.1016945066796274,0.030897258727094,0.1155778151130945
2024-02-11,6.4,7.2,17.4,6.8,19.4,100.26483276606206,0.1312663605395059,115.97272,2.0014800002101243,2.1041341542702074,2.91235066461494,2.0541237336955462,3.0155349008501706,0.1312663605395059,4.607815013008213,4.753354991035203,0.11441035117774434,-0.19845093872383845,-0.06317890162153184,0.05264373348542195,-0.08455738802806323,0.00022869207651687873,0.007094354225869459,0.0864610990123216,0.2000934545874019,0.0985152555800372,0.0402667755255715,0.1026287590080087
2024-02-18,6.4,6.8,18.0,7.4,20.6,100.28775991714016,0.1310942778520729,116.2597,2.0014800002101243,2.0541237336955462,2.9444389791664403,2.128231705849268,3.0726933146901194,0.1310942778520729,4.6080436527966215,4.755826481846686,0.0,-0.05001042057466121,0.0320883145515003,0.07410797215372167,0.057158413839948796,0.00022863978840881316,0.0024714908114829015,0.1012269460925433,0.1920984334330185,0.0932272395184378,0.051253101628359,0.08920561199425
2024-02-25,6.2,7.4,17.4,7.4,19.8,100.31068706821824,0.1309226457550938,115.8466,1.9740810260220096,2.128231705849268,2.91235066461494,2.128231705849268,3.0349529867072724,0.1309226457550938,4.608272240320828,4.752266902152506,-0.027398974188114655,0.07410797215372167,-0.0320883145515003,0.0,-0.03774032798284699,0.00022858752420606976,-0.0035595796941798596,0.0846407513809017,0.1685098081345089,0.0799533582339524,0.0334935520831223,0.0813895943889693
2024-03-03,6.0,6.2,18.0,7.2,19.6,100.33361421929632,0.130751462481049,115.85588,1.9459101490553128,1.9740810260220096,2.9444389791664403,2.1041341542702074,3.025291075795536,0.130751462481049,4.608500775604718,4.752347004877389,-0.028170876966696845,-0.15415067982725827,0.0320883145515003,-0.02409755157906046,-0.009661910911736626,0.00022853528388999678,8.010272488245818e-05,0.0714553245448782,0.153237661425355,0.075369767554943,0.038722865888842,0.072820070414382
2024-03-10,5.8,6.4,16.6,7.2,19.8,100.25948520030836,0.0457140761375596,115.25912,1.916922612182061,2.0014800002101243,2.8678989020441064,2.1041341542702074,3.0349529867072724,0.0457140761375596,4.607761677175341,4.7471828110670025,-0.02898753687325173,0.027398974188114655,-0.0765400771223339,0.0,0.009661910911736626,-0.0007390984293769165,-0.005164193810386131,0.0684205693080589,0.1752065096582175,0.0709142765945555,0.0394684693516736,0.0652596839549251
2024-03-17,5.8,5.4,16.8,7.0,19.2,100.18535618132042,0.0456931879188493,115.05738,1.916922612182061,1.8562979903656265,2.87919845729804,2.079441541679836,3.005682604407159,0.0456931879188493,4.607022032075407,4.745430960447575,0.0,-0.1451820098444978,0.011299555253933669,-0.024692612590371255,-0.02927038230011325,-0.000739645099933739,-0.0017518506194278416,0.0695002596102627,0.1551470245834434,0.0865620706829173,0.0521691239589748,0.0605301631483092
2024-03-24,5.8,5.4,17.2,7.4,20.2,100.11122716233244,0.0456723187803875,115.93638,1.916922612182061,1.8562979903656265,2.9014215940827497,2.128231705849268,3.054001181677967,0.0456723187803875,4.606281839495633,4.753041592377734,0.0,0.0,0.022223136784709663,0.048790164169431716,0.04831857727080768,-0.0007401925797738684,0.007610631930159428,0.0633850272884447,0.1779668630757967,0.0744654605470454,0.0321681503849989,0.0622104090619216
2024-03-31,5.6,5.6,17.4,6.8,19.0,100.03709814334452,0.045651468696084,116.30488,1.88706964903238,1.88706964903238,2.91235066461494,2.0541237336955462,2.995732273553991,0.045651468696084,4.605541098624939,4.756215019091424,-0.02985296314968111,0.030771658666753465,0.010929070532190277,-0.07410797215372167,-0.058268908123976004,-0.0007407408706940899,0.0031734267136895866,0.0610991751263263,0.1583286251021768,0.0690923156609822,0.0615034687280624,0.0625145286833349
2024-04-07,6.2,5.6,17.6,6.6,20.0,99.96296912435656,0.0456306376398263,116.38076,1.9740810260220096,1.88706964903238,2.923161580719156,2.028148247292285,3.044522437723423,0.0456306376398263,4.604799808650438,4.756867229538873,0.08701137698962969,0.0,0.01081091610421625,-0.025975486403261083,0.04879016416943216,-0.0007412899745009582,0.0006522104474493418,0.0654333149929416,0.1433786890688889,0.0656625305331255,0.0628293613595988,0.0691292976876667
2024-04-14,6.0,6.4,20.0,7.0,20.6,100.11458057631604,0.0027234322990565,116.99076,1.9459101490553128,2.0014800002101243,3.044522437723423,2.079441541679836,3.0726933146901194,0.0027234322990565,4.60631533581683,4.762094957320143,-0.028170876966696845,0.11441035117774434,0.1213608570042668,0.051293294387551036,0.0281708769666964,0.0015155271663918057,0.005227727781270453,0.0809033813774149,0.1354704185230301,0.0640441891244191,0.0441116355534793,0.0662315700356161
2024-04-21,6.2,5.4,21.2,7.6,19.2,100.26619202827554,0.0027233581302521,118.1927,1.9740810260220096,1.8562979903656265,3.100092288878234,2.151762203259462,3.005682604407159,0.0027233581302521,4.607828569635821,4.772316343335515,0.028170876966696845,-0.1451820098444978,0.055569851154810834,0.07232066157962569,-0.06701071028296024,0.0015132338189909333,0.010221386015371259,0.0853679953800112,0.1312186956005741,0.100511276199164,0.0504054927986327,0.0632459827007535
2024-04-28,6.2,6.6,20.0,6.6,18.8,100.41780348023504,0.0027232839654889,117.88364,1.9740810260220096,2.028148247292285,3.044522437723423,2.028148247292285,2.9856819377004897,0.0027232839654889,4.60933951703767,4.769698036252609,0.0,0.17185025692665867,-0.055569851154810834,-0.12361395596717673,-0.020000666706669445,0.0015109474018490943,-0.0026183070829057797,0.0786000559950823,0.1660517445869177,0.0885996915015319,0.0744869761282936,0.0686610460380898
2024-05-05,5.8,5.6,16.8,6.8,19.2,100.56941493219452,0.0027232098047225,117.6948,1.916922612182061,1.88706964903238,2.87919845729804,2.0541237336955462,3.005682604407159,0.0027232098047225,4.610848184921267,4.768094833171315,-0.057158413839948574,-0.1410785982599052,-0.165323980425383,0.025975486403261083,0.020000666706669445,0.0015086678835967149,-0.0016032030812942466,0.0708248286902128,0.1714039632791442,0.0860223815051725,0.0484292453290327,0.0663757557810647
2024-05-12,6.6,7.4,16.0,8.4,17.8,100.61669279040404,-0.0457489073208638,117.23578,2.028148247292285,2.128231705849268,2.833213344056216,2.2407096892759584,2.933856869835904,-0.0457489073208638,4.611318176210575,4.7641871206537605,0.1112256351102241,0.24116205681688796,-0.04598511324182386,0.18658595558041213,-0.07182573457125496,0.00046999128930824696,-0.003907712517554174,0.0769279462662096,0.1892700694776136,0.1371674625731502,0.0972360891921715,0.0611846589401569
2024-05-19,6.0,6.0,15.0,7.2,17.2,100.66397064861354,-0.045769846525534,116.66564,1.9459101490553128,1.9459101490553128,2.772588722239781,2.1041341542702074,2.9014215940827497,-0.045769846525534,4.611787946711837,4.759312065776629,-0.08223809823697237,-0.18232155679395512,-0.06062462181643502,-0.13657553500575093,-0.032435275753154524,0.0004697705012617348,-0.004875054877131468,0.100664109922306,0.2103786909596506,0.1089651028916846,0.1033270330850062,0.0787434113702439
2024-05-26,5.2,5.2,13.8,7.2,16.6,100.71124850682304,-0.0457908049066424,116.73752,1.824549292051046,1.824549292051046,2.694627180770069,2.1041341542702074,2.8678989020441064,-0.0457908049066424,4.612257496632392,4.759927995760375,-0.1213608570042668,-0.1213608570042668,-0.07796154146971235,0.0,-0.03352269203864333,0.00046954992055514566,0.0006159299837458221,0.1269733810979314,0.2259101851683509,0.097550315423116,0.0689490178688595,0.0794399280566481
2024-06-02,5.8,5.2,14.8,7.4,18.6,100.75852636503254,-0.0458117824906012,116.734925,1.916922612182061,1.824549292051046,2.760009940032921,2.128231705849268,2.975529566236472,-0.0458117824906012,4.612726826179292,4.759905766156362,0.09237332013101507,0.0,0.0653827592628522,0.02409755157906046,0.10763066419236544,0.0004693295469007097,-2.2229604012657944e-05,0.1143585523656091,0.2059243388160775,0.0981474815256909,0.0439173366148159,0.0832177463692804
2024-06-09,5.2,5.0,14.6,7.2,18.2,100.55347579369416,0.0450180616478057,116.44834,1.824549292051046,1.791759469228055,2.747270914255491,2.1041341542702074,2.954910279033736,0.0450180616478057,4.610689683435173,4.757447741183662,-0.09237332013101507,-0.03278982282299103,-0.012739025777429802,-0.02409755157906046,-0.02061928720273576,-0.002037142744119258,-0.0024580249727002013,0.1055897860024041,0.1794461309186435,0.0901559943384505,0.0491249474693977,0.0829210287069878
2024-06-16,4.4,5.0,14.6,6.8,17.2,100.34842522235576,0.0449978045084176,117.1623,1.6863989535702288,1.791759469228055,2.747270914255491,2.0541237336955462,2.9014215940827497,0.0449978045084176,4.60864838226775,4.763560153040314,-0.13815033848081715,0.0,0.0,-0.05001042057466121,-0.053488684950986354,-0.0020413011674227377,0.006112411856651789,0.1430577897484566,0.1661371466090907,0.077278081672748,0.0660699146503191,0.0712464050459653
2024-06-23,4.4,5.4,15.2,7.2,18.0,100.1433746510174,0.0449775655914086,117.4756,1.6863989535702288,1.8562979903656265,2.785011242238338,2.1041341542702074,2.9444389791664403,0.0449775655914086,4.606602905665099,4.766230652445511,0.0,0.06453852113757153,0.03774032798284699,0.05001042057466121,0.043017385083690574,-0.0020454766026514193,0.0026704994051973685,0.1310172165010078,0.1510722959512671,0.0696841499049246,0.0403398548495184,0.070688778313189
2024-06-30,3.8,4.4,13.2,5.8,15.8,99.938324079679,0.0449573448721096,117.64514,1.5686159179138452,1.6863989535702288,2.653241964607215,1.916922612182061,2.8213788864092133,0.0449573448721096,4.604553236510684,4.7676728053528565,-0.1177830356563836,-0.16989903679539764,-0.13176927763112323,-0.1872115420881464,-0.12306009275722696,-0.002049669154414957,0.0014421529073453954,0.1017464772407812,0.1370799776438705,0.0693271568180855,0.1120685946968008,0.0649860356715189
2024-07-07,4.0,5.0,13.6,6.4,19.0,99.73327350834064,0.0449371423260736,117.351025,1.6094379124341005,1.791759469228055,2.681021528714291,2.0014800002101243,2.995732273553991,0.0449371423260736,4.602499357582507,4.7651696568136375,0.040821994520255256,0.10536051565782611,0.027779564107075938,0.08455738802806323,0.17435338714477755,-0.002053878928177433,-0.002503148539219069,0.1471410677286566,0.1805786922511755,0.1136748093297769,0.074077322358986,0.1013196759150423
2024-07-14,4.0,4.8,14.8,6.0,18.0,99.85526152917396,0.0494438817604026,116.58224,1.6094379124341005,1.7578579175523736,2.760009940032921,1.9459101490553128,2.9444389791664403,0.0494438817604026,4.603721752806766,4.758596946706272,0.0,-0.03390155167568132,0.0789884113186301,-0.0555698511548115,-0.05129329438755059,0.0012223952242598202,-0.006572710107365154,0.1179502526331354,0.1642488841187664,0.0906271839746146,0.0803979309829958,0.1179600492900176
2024-07-21,4.2,4.8,14.2,6.4,18.0,99.97724955000729,0.0494194468675157,116.13899999999998,1.6486586255873816,1.7578579175523736,2.7212954278522306,2.0014800002101243,2.9444389791664403,0.0494194468675157,4.60494265560509,4.754787749608918,0.03922071315328113,0.0,-0.03871451218069044,0.0555698511548115,0.0,0.001220902798323209,-0.0038091970973539446,0.1019221248511704,0.1579372568173607,0.0911647338829704,0.0579906717013153,0.0950234615002992
2024-07-28,4.2,5.4,14.0,5.6,18.0,100.0992375708406,0.0493950361138972,116.48134,1.6486586255873816,1.8562979903656265,2.70805020110221,1.88706964903238,2.9444389791664403,0.0493950361138972,4.606162069617249,4.757731088503083,0.0,0.09844007281325284,-0.013245226750020489,-0.11441035117774434,0.0,0.0012194140121595254,0.0029433388941644267,0.0860238656319932,0.1441320061068248,0.0824470500309527,0.0822343610050337,0.0783820976373176
2024-08-04,4.2,6.2,13.8,6.6,18.2,100.22122559167394,0.0493706494637757,116.46064,1.6486586255873816,1.9740810260220096,2.694627180770069,2.028148247292285,2.954910279033736,0.0493706494637757,4.607379998469716,4.757553361842955,0.0,0.11778303565638315,-0.013423020332141267,0.1410785982599052,0.01047129986729578,0.001217928852466521,-0.00017772666012749738,0.0740666611772775,0.1351482604382721,0.0733335360618093,0.0964033069697743,0.0680151678454954
2024-08-11,4.8,6.2,13.6,6.2,18.6,100.08326283125729,0.0386689885248481,115.33848,1.7578579175523736,1.9740810260220096,2.681021528714291,1.9740810260220096,2.975529566236472,0.0386689885248481,4.606002467858003,4.747871109671438,0.109199291964992,0.0,-0.013605652055777906,-0.05406722127027552,0.02061928720273576,-0.0013775306117125297,-0.009682252171517192,0.0649236294254257,0.1317470686303774,0.0688318571761145,0.0740230454441183,0.0622604685324771
2024-08-18,6.2,6.6,15.2,6.6,19.0,99.9453000708406,0.0386540413980229,115.06834,1.9740810260220096,2.028148247292285,2.785011242238338,2.028148247292285,2.995732273553991,0.0386540413980229,4.604623037037807,4.745526212729748,0.216223108469636,0.05406722127027552,0.10398971352404729,0.05406722127027552,0.020202707317519053,-0.0013794308201964256,-0.0023448969416897114,0.0882556273626533,0.1241675666026304,0.0667168062673428,0.0657548724969913,0.0602495885848921
2024-08-25,6.2,5.8,16.0,6.6,18.6,99.80733731042396,0.0386391058220692,113.60054,1.9740810260220096,1.916922612182061,2.833213344056216,2.028148247292285,2.975529566236472,0.0386391058220692,4.603241700759473,4.73268825979688,0.0,-0.1112256351102241,0.048202101817877985,0.0,-0.020202707317519053,-0.0013813362783334782,-0.012837952932868824,0.1425795454963646,0.1203748171886614,0.0925462487208888,0.0410599091010545,0.0601751863939078
2024-09-01,6.2,5.6,16.4,6.8,18.0,99.66937455000728,0.0386241817835752,113.07128,1.9740810260220096,1.88706964903238,2.856470206220483,2.0541237336955462,2.9444389791664403,0.0386241817835752,4.601858453751562,4.728018416304057,0.0,-0.02985296314968111,0.023256862164267034,0.025975486403261083,-0.03109058707003154,-0.0013832470079115922,-0.004669843492822956,0.1111662436374628,0.1355102372170696,0.0827196882019998,0.0321903784583259,0.0580786507152474
2024-09-08,7.4,6.0,18.0,6.4,18.8,99.67379013105815,0.0505885120468896,113.41595,2.128231705849268,1.9459101490553128,2.9444389791664403,2.0014800002101243,2.9856819377004897,0.0505885120468896,4.601902755055383,4.731062033960328,0.15415067982725827,0.05884050002293284,0.08796877294595706,-0.05264373348542195,0.04124295853404947,4.430130382093722e-05,0.003043617656271813,0.0952813474897138,0.1270570951075321,0.0733318482483511,0.0457139864341541,0.0601380427039573
2024-09-15,7.8,6.8,19.8,7.2,20.2,99.67820571210906,0.0505629330114221,113.62118,2.174751721484161,2.0541237336955462,3.0349529867072724,2.1041341542702074,3.054001181677967,0.0505629330114221,4.601947054396685,4.732869932570563,0.04652001563489305,0.10821358464023345,0.09051400754083216,0.10265415406008316,0.06831924397747713,4.429934130278923e-05,0.0018078986102345596,0.123871454781026,0.1210331420974154,0.0875454975688596,0.0535833366089785,0.060092026822135
2024-09-22,8.2,6.6,18.8,7.2,18.6,99.68262129315995,0.050537379829918,113.0194,2.2192034840549946,2.028148247292285,2.9856819377004897,2.1041341542702074,2.975529566236472,0.050537379829918,4.601991351775643,4.727559485392702,0.04445176257083361,-0.025975486403261083,-0.0492710490067827,0.0,-0.07847161544149506,4.429737895783603e-05,-0.0053104471778606666,0.0966178544793457,0.1230123553622028,0.0943083038845684,0.0398881911690939,0.0723988247542759
2024-09-29,7.4,6.8,18.2,7.4,17.8,99.68703687421086,0.0505118524631864,112.6394,2.128231705849268,2.0541237336955462,2.954910279033736,2.128231705849268,2.933856869835904,0.0505118524631864,4.602035647192431,4.724191565691,-0.09097177820572666,0.025975486403261083,-0.030771658666753687,0.02409755157906046,-0.04167269640056759,4.429541678785398e-05,-0.003367919701702249,0.0913286460282623,0.1204712779434761,0.086829349457549,0.0249670877754532,0.0726885957209077
2024-10-06,7.6,5.6,17.6,6.8,17.8,99.69145245526175,0.0504863508721031,113.52138,2.151762203259462,1.88706964903238,2.923161580719156,2.0541237336955462,2.933856869835904,0.0504863508721031,4.602079940647221,4.731991189226101,0.023530497410193973,-0.1670540846631663,-0.031748698314579826,-0.07410797215372167,0.0,4.4293454790178544e-05,0.007799623535101219,0.1033595765988008,0.1155167787799587,0.0784572833041434,0.051596499061538,0.0716583960805745
2024-10-13,7.8,6.0,17.4,7.0,17.8,99.6660137442332,0.0744685632844355,114.8412,2.174751721484161,1.9459101490553128,2.91235066461494,2.079441541679836,2.933856869835904,0.0744685632844355,4.601824733639913,4.743550304519063,0.02298951822469908,0.05884050002293284,-0.01081091610421625,0.025317807984289953,0.0,-0.00025520700730830015,0.011559115292961941,0.08822729265038,0.1530941830837675,0.0745763107075837,0.0356157249167895,0.0667069044226134
2024-10-20,8.4,6.8,19.4,8.8,18.2,99.64057503320464,0.0744131488815913,115.669925,2.2407096892759584,2.0541237336955462,3.0155349008501706,2.2823823856765264,2.954910279033736,0.0744131488815913,4.601569461485362,4.7507406609108,0.06595796779179741,0.10821358464023345,0.10318423623523065,0.2029408439966902,0.02105340919783183,-0.0002552721545505676,0.0071903563917370406,0.0756843757926815,0.1415093583288945,0.0691289777666742,0.0901209144112511,0.0628435015324169
2024-10-27,8.4,6.6,18.6,7.6,18.4,99.6151363221761,0.0743578168886038,116.34916,2.2407096892759584,2.028148247292285,2.975529566236472,2.151762203259462,2.9652730660692823,0.0743578168886038,4.601314124150299,4.756595670126193,0.0,-0.025975486403261083,-0.04000533461369882,-0.13062018241706452,0.010362787035546273,-0.0002553373350631105,0.005855009215392393,0.0753306625599705,0.1352669122970017,0.0929584181084675,0.0977742239552236,0.0592743215572308
2024-11-03,7.8,6.6,18.6,7.2,17.4,99.58969761114754,0.0743025671217756,116.51954,2.174751721484161,2.028148247292285,2.975529566236472,2.1041341542702074,2.91235066461494,0.0743025671217756,4.60105872160143,4.758058984263324,-0.06595796779179741,0.0,0.0,-0.047628048989254435,-0.05292240145434235,-0.0002554025488690215,0.0014633141371316327,0.0675657243726674,0.1300703686586259,0.0836664085599621,0.0820321773089232,0.0573755661431808
2024-11-10,9.0,7.0,19.0,8.4,20.0,99.84836462928564,0.1003463233262724,116.61966,2.302585092994046,2.079441541679836,2.995732273553991,2.2407096892759584,3.044522437723423,0.1003463233262724,4.603652681453143,4.758917870337865,0.12783337150988494,0.051293294387551036,0.020202707317519053,0.13657553500575093,0.13217177310848305,0.002593959851712846,0.0008588860745408766,0.0742045990965186,0.1219538569290232,0.0729492210658984,0.0916215617918885,0.0654671771091829
2024-11-17,9.6,7.0,22.0,8.6,19.4,100.10703164742375,0.1002457304215109,118.641375,2.360854001118021,2.079441541679836,3.1354942159291497,2.26176309847379,3.0155349008501706,0.1002457304215109,4.606239930082034,4.776105287445592,0.058268908123975116,0.0,0.13976194237515882,0.02105340919783183,-0.028987536873252395,0.0025872486288909258,0.017187417107726866,0.1096969810671869,0.1173681256987698,0.0681453160079061,0.0619578953039532,0.0942344518907482
2024-11-24,6.2,4.4,15.2,6.4,14.4,100.36569866556188,0.1001453389949391,118.93166,1.9740810260220096,1.6863989535702288,2.785011242238338,2.0014800002101243,2.734367509419584,0.1001453389949391,4.608820502125727,4.778549042432042,-0.3867729750960114,-0.39304258810960735,-0.3504829736908115,-0.2602830982636659,-0.28116739143058656,0.00258057204369333,0.0024437549864497754,0.0873510614089394,0.1135541886903461,0.1115562935497148,0.1423529031987564,0.0775340802560923
2024-12-01,9.4,6.4,21.6,8.4,18.6,100.62436568369998,0.1000451484418851,118.735475,2.341805806147327,2.0014800002101243,3.1179499062782403,2.2407096892759584,2.975529566236472,0.1000451484418851,4.611394431954387,4.77689811964409,0.3677247801253174,0.31508104663989545,0.33293866403990213,0.23922968906583408,0.24116205681688774,0.002573929828659338,-0.0016509227879515365,0.2440082321873861,0.2596692278318848,0.2561306198245647,0.1518371389537698,0.1806285372283605
2024-12-08,11.6,7.0,21.0,8.4,18.8,100.64270861576098,0.1344705601381557,118.50262,2.533696813957432,2.079441541679836,3.091042453358316,2.2407096892759584,2.9856819377004897,0.1344705601381557,4.611576706498552,4.774935070035411,0.19189100781010504,0.0779615414697119,-0.026907452919924246,0.0,0.010152371464017929,0.0001822745441648621,-0.0019630496086788796,0.3499551645733225,0.283020829851969,0.2840887627943449,0.098326788891714,0.1647390871523594
2024-12-15,8.4,6.0,15.2,8.2,16.4,100.66105154782196,0.1342899796503482,118.9897,2.2407096892759584,1.9459101490553128,2.785011242238338,2.2192034840549946,2.856470206220483,0.1342899796503482,4.611758947824764,4.779036934743613,-0.2929871246814737,-0.1335313926245234,-0.3060312111199779,-0.021506205220963803,-0.12921173148000653,0.00018224132621202926,0.004101864708201397,0.2555320774803473,0.2388170926321453,0.1979270909094669,0.0723975232721343,0.1237046516149818
2024-12-22,5.6,4.4,10.0,7.4,12.8,100.67939447988296,0.1341098835150322,120.08886,1.88706964903238,1.6863989535702288,2.3978952727983707,2.128231705849268,2.624668592163159,0.1341098835150322,4.611941155945125,4.788231968747194,-0.3536400402435784,-0.25951119548508395,-0.3871159694399675,-0.09097177820572666,-0.23180161405732402,0.00018220812036151557,0.009195034003581348,0.2496734088756444,0.2238647187855319,0.2533262392270496,0.0857567147694677,0.1155477913920802
2024-12-29,5.4,5.8,12.2,8.0,16.4,100.69773741194396,0.1339302697862532,120.89515,1.8562979903656265,1.916922612182061,2.580216829592325,2.19722457733622,2.856470206220483,0.1339302697862532,4.612123330871736,4.794923641017906,-0.030771658666753465,0.23052365861183222,0.18232155679395445,0.0689928714869521,0.23180161405732402,0.00018217492661065648,0.00669167227071199,0.2491528793402879,0.2471037473532475,0.3186590240643638,0.0640260371532987,0.1930611084367693
2025-01-05,8.2,7.4,15.4,9.6,18.6,100.71608034400496,0.1337511365282484,121.513925,2.2192034840549946,2.128231705849268,2.797281334830153,2.360854001118021,2.975529566236472,0.1337511365282484,4.612305472616687,4.800028865266985,0.3629054936893681,0.21130909366720685,0.21706450523782772,0.163629423781801,0.1190593600159886,0.0001821417449514584,0.005105224249079221,0.1875145207219059,0.2400243009844553,0.2497363212495574,0.095521908406241,0.1619929347532613
2025-01-12,9.0,9.0,17.8,10.2,19.4,100.80111166174972,-0.0034988055563234,121.5795,2.302585092994046,2.302585092994046,2.933856869835904,2.4159137783010487,3.0155349008501706,-0.0034988055563234,4.61314938396683,4.800568369793614,0.08338160893905133,0.174353387144778,0.13657553500575137,0.05505977718302768,0.04000533461369882,0.0008439113501426121,0.0005395045266283205,0.2198914937131836,0.217713272329877,0.2253289727343467,0.0878573599380069,0.1388803379193954
2025-01-19,10.2,10.2,16.2,10.8,20.2,100.88614297949448,-0.0034989279770081,121.97854,2.4159137783010487,2.4159137783010487,2.8449093838194077,2.468099531471619,3.054001181677967,-0.0034989279770081,4.613992583731079,4.803845127621404,0.1133286853070028,0.1133286853070028,-0.08894748601649649,0.052185753170570504,0.03846628082779624,0.0008431997642492917,0.0032767578277903553,0.1635100293815222,0.2029092177870485,0.1815321680136151,0.0864323786510353,0.1228120653629127
2025-01-26,12.0,9.4,19.8,12.0,28.0,100.97117429723924,-0.0034990504062637,120.645775,2.5649493574615367,2.341805806147327,3.0349529867072724,2.5649493574615367,3.367295829986474,-0.0034990504062637,4.614835073108442,4.792858772808889,0.14903557916048804,-0.07410797215372167,0.1900436028878647,0.09684982598991754,0.3132946483085073,0.000842489377363087,-0.010986354812515309,0.1816273971093783,0.1869056615308512,0.1454017481305077,0.1030954836395642,0.1113572022965701
2025-02-02,12.0,10.8,20.4,11.0,27.0,101.05620561498398,-0.0034991728440791,120.7316,2.5649493574615367,2.468099531471619,3.0633909220278057,2.4849066497880004,3.332204510175204,-0.0034991728440791,4.6156768532948975,4.793569899969144,0.0,0.12629372532429217,0.028437935320533292,-0.08004270767353638,-0.03509131981127034,0.0008417801864553098,0.0007111271602555647,0.1646901297674236,0.1667022740166748,0.1649902744429028,0.0808555098867436,0.2461261092830463
2025-02-09,11.8,10.2,19.6,11.8,21.4,101.02128276606209,0.0281998708394404,120.8461,2.5494451709255714,2.4159137783010487,3.025291075795536,2.5494451709255714,3.109060958860994,0.0281998708394404,4.615331215098883,4.794517835217919,-0.015504186535965303,-0.052185753170570504,-0.03809984623226992,0.06453852113757108,-0.2231435513142097,-0.0003456381960145194,0.0009479352487744563,0.1246387029042984,0.1756732706415781,0.1212596310252373,0.0684950036450757,0.1910498209160965
2025-02-16,12.0,9.4,21.4,13.2,22.4,100.98635991714016,0.0281919207541836,120.33478,2.5649493574615367,2.341805806147327,3.109060958860994,2.653241964607215,3.152736022363656,0.0281919207541836,4.614985457395799,4.79027769175317,0.015504186535965303,-0.07410797215372167,0.0837698830654583,0.10379679368164352,0.043675063502661704,-0.00034575770308364895,-0.004240143464748769,0.0976938164807464,0.1571690832530907,0.0983284916887003,0.0722255824134221,0.1610805897107447
2025-02-23,12.6,11.2,21.8,13.2,22.2,100.95143706821824,0.028183975150231,119.5112,2.6100697927420065,2.501435951739211,3.126760535960395,2.653241964607215,3.1441522786722644,0.028183975150231,4.614639580102974,4.783410090829133,0.04512043528046972,0.15963014559188382,0.017699577099401065,0.0,-0.008583743691391366,-0.000345877292825314,-0.006867600924037376,0.079522616604738,0.1438164708791453,0.0964390818513163,0.0508495985876998,0.1218612434748168
2025-03-02,12.4,9.8,21.6,11.4,22.2,100.91651421929632,0.0281760340238301,119.6422,2.5952547069568657,2.379546134130174,3.1179499062782403,2.517696472610991,3.1441522786722644,0.0281760340238301,4.614293583137656,4.784505622091511,-0.014815085785140791,-0.12188981760903683,-0.008810629682154847,-0.1355454919962238,0.0,-0.0003459969653176742,0.0010955312623783797,0.0697641038418546,0.1651974647787529,0.0800975070220469,0.0966658340238573,0.0967143854004777
2025-03-09,12.0,9.0,20.8,11.4,21.4,100.90270520030838,0.0345885471176643,118.2436,2.5649493574615367,2.302585092994046,3.0819099697950434,2.517696472610991,3.109060958860994,0.0345885471176643,4.614156737706886,4.772746903285796,-0.030305349495328926,-0.07696104113612812,-0.03603993648319692,0.0,-0.03509131981127034,-0.00013684543077019384,-0.011758718805714885,0.0670528474786524,0.165948827558923,0.0716761207821637,0.0857985228902128,0.0791964938925389
2025-03-16,11.8,9.4,20.2,11.6,21.2,100.88889618132042,0.0345765875783721,117.1518,2.5494451709255714,2.341805806147327,3.054001181677967,2.533696813957432,3.100092288878234,0.0345765875783721,4.614019873546882,4.763470529752539,-0.015504186535965303,0.03922071315328113,-0.027908788117076533,0.016000341346440905,-0.008968669982760247,-0.00013686416000435742,-0.009276373533257498,0.063870296977001,0.1517078578591197,0.0724924862975416,0.0722987216320447,0.0743560772565489
2025-03-23,12.4,9.2,20.0,11.8,20.6,100.87508716233246,0.0345646363066443,117.06004,2.5952547069568657,2.322387720290225,3.044522437723423,2.5494451709255714,3.0726933146901194,0.0345646363066443,4.613882990652515,4.7626869655681245,0.04580953603129423,-0.019418085857101808,-0.009478743954543845,0.015748356968139365,-0.027398974188114433,-0.00013688289436686318,-0.000783564184414054,0.0622306004345133,0.1386123517626234,0.0709198765687898,0.0575759576242955,0.0680558919173048
2025-03-30,13.8,11.0,20.6,11.8,22.6,100.8612781433445,0.0345526932938655,117.48762,2.694627180770069,2.4849066497880004,3.0726933146901194,2.5494451709255714,3.1612467120315646,0.0345526932938655,4.613746089018656,4.766332966331152,0.09937247381320313,0.16251892949777513,0.0281708769666964,0.0,0.08855339734144518,-0.00013690163385859933,0.003646000763027679,0.0605249798527296,0.1305256396472567,0.0672211713364388,0.0461306344022336,0.0692946426162914
2025-04-06,15.0,11.6,21.8,12.2,21.6,100.84746912435656,0.0345407585315094,116.64616,2.772588722239781,2.533696813957432,3.126760535960395,2.580216829592325,3.1179499062782403,0.0345407585315094,4.613609168640174,4.75914507893717,0.07796154146971235,0.048790164169431716,0.054067221270275745,0.030771658666753687,-0.043296805753324286,-0.00013692037848223038,-0.007187887393982351,0.0744557703946242,0.1474292568316471,0.0664454378178059,0.0352865322195529,0.074907927957158
2025-04-13,13.8,10.0,20.0,12.6,19.8,100.80358057631604,0.0156081545855446,115.28336,2.694627180770069,2.3978952727983707,3.044522437723423,2.6100697927420065,3.0349529867072724,0.0156081545855446,4.613173876596829,4.747393097692611,-0.07796154146971235,-0.1358015411590614,-0.08223809823697215,0.029852963149681333,-0.08299691957096789,-0.0004352920433454699,-0.011751981244558785,0.0752533650969925,0.1347968570183454,0.0721548665680626,0.0358941081509441,0.0693057066569394
2025-04-20,14.4,10.8,21.2,12.2,19.0,100.75969202827554,0.0156057188208436,112.61932,2.734367509419584,2.468099531471619,3.100092288878234,2.580216829592325,2.995732273553991,0.0156057188208436,4.612738394991802,4.7240132818043366,0.039740328649515266,0.07020425867324853,0.055569851154810834,-0.029852963149681333,-0.03922071315328157,-0.0004354816050264887,-0.023379815888274535,0.0859074406139946,0.1477297823341546,0.0895276186775459,0.026631588469665,0.0825883272359937
2025-04-27,15.6,11.2,22.0,13.0,20.4,100.71580348023504,0.0156032838162234,112.17992,2.8094026953624978,2.501435951739211,3.1354942159291497,2.6390573296152584,3.0633909220278057,0.0156032838162234,4.612302723659922,4.720104010940339,0.0750351859429137,0.03333642026759165,0.03540192705091583,0.058840500022933284,0.06765864847381486,-0.00043567133188027185,-0.003909270863997172,0.0855075009185199,0.1418229865584998,0.0830930330585945,0.0409266600076677,0.0857789247382308
2025-05-04,14.8,11.8,20.6,13.2,20.0,100.67191493219454,0.0156008495713955,112.56662,2.760009940032921,2.5494451709255714,3.0726933146901194,2.653241964607215,3.044522437723423,0.0156008495713955,4.611866862435798,4.723545224154182,-0.049392755329576765,0.048009219186360585,-0.06280090123903026,0.014184634991956546,-0.018868484304382704,-0.0004358612241235349,0.003441213213842609,0.074124522841996,0.1303027073675403,0.0752871726640587,0.0323043803229662,0.0737803004393868
2025-05-11,15.0,11.8,17.8,13.6,19.4,100.83969279040404,0.029046779296582,112.80522,2.772588722239781,2.5494451709255714,2.933856869835904,2.681021528714291,3.0155349008501706,0.029046779296582,4.613532055809763,4.725662614588974,0.01257878220686015,0.0,-0.1388364448542152,0.027779564107075938,-0.028987536873252395,0.0016651933739648683,0.002117390434792199,0.0807876579210659,0.1235475718517532,0.0826985995592153,0.0281063936923051,0.067790113870462
2025-05-18,14.2,11.8,16.8,13.4,18.4,101.00747064861352,0.0290383445927133,114.1329,2.7212954278522306,2.5494451709255714,2.87919845729804,2.667228206581955,2.9652730660692823,0.0290383445927133,4.615194480923805,4.737363558863298,-0.05129329438755059,0.0,-0.05465841253786419,-0.013793322132336083,-0.050261834780888304,0.0016624251140413548,0.011700944274323888,0.0723708873174912,0.1172646253290453,0.1214540398445281,0.0281086738207265,0.066159402968162
2025-05-25,14.0,14.0,15.4,15.0,17.6,101.17524850682304,0.0290299147860384,112.82402,2.70805020110221,2.70805020110221,2.797281334830153,2.772588722239781,2.923161580719156,0.0290299147860384,4.616854146966702,4.725829259657171,-0.013245226750020489,0.15860503017663863,-0.08191712246788718,0.10536051565782634,-0.0421114853501261,0.0016596660428973564,-0.011534299206126697,0.086846783601521,0.1127418551309457,0.1023486671336443,0.0468092980926711,0.0758725886469502
2025-06-01,14.6,13.6,16.8,19.2,19.0,101.34302636503251,0.0290214898722496,112.45925,2.747270914255491,2.681021528714291,2.87919845729804,3.005682604407159,2.995732273553991,0.0290214898722496,4.618511063081556,4.722590933803938,0.03922071315328113,-0.027028672387919173,0.08191712246788718,0.23309388216737803,0.07257069283483464,0.001656916114853857,-0.0032383258532338033,0.0732093174701181,0.139738592155718,0.1018630504125017,0.11593114838365,0.0821756470764745
2025-06-08,15.6,14.4,18.0,24.4,20.6,101.40473579369414,0.0568586202927878,111.713,2.8094026953624978,2.734367509419584,2.9444389791664403,3.2347491740244907,3.0726933146901194,0.0568586202927878,4.619119794146305,4.715933082472363,0.06213178110700657,0.05334598070529317,0.06524052186840024,0.22906656961733152,0.07696104113612856,0.0006087310647489019,-0.0066578513315747045,0.064825999290787,0.1309833581537313,0.0974192863795403,0.1765027937261636,0.072853957399951
2025-06-15,15.2,13.6,17.6,24.0,19.4,101.46644522235576,0.0568263096371479,111.2695,2.785011242238338,2.681021528714291,2.923161580719156,3.218875824868201,3.0155349008501706,0.0568263096371479,4.619728154882964,4.711955186585324,-0.02439145312415958,-0.05334598070529317,-0.021277398447284046,-0.015873349156289684,-0.057158413839948796,0.0006083607366589305,-0.003977895887039118,0.0639818308991544,0.1280637051360808,0.0897544177683463,0.1331277883487665,0.0786663524673105
2025-06-22,15.2,14.2,17.8,27.0,20.6,101.5281546510174,0.0567940356825946,111.1715,2.785011242238338,2.7212954278522306,2.933856869835904,3.332204510175204,3.0726933146901194,0.0567940356825946,4.620336145741844,4.711074054003286,0.0,0.04027389913793966,0.010695289116747997,0.1133286853070028,0.057158413839948796,0.000607990858880747,-0.0008811325820374805,0.0657174233991673,0.1241745494610166,0.0782012595459196,0.1469235085523166,0.0707287260333395
2025-06-29,13.8,13.4,16.0,24.2,19.0,101.58986407967902,0.0567617983665558,110.71396,2.694627180770069,2.667228206581955,2.833213344056216,3.226843994517377,2.995732273553991,0.0567617983665558,4.620943767172438,4.706949938358222,-0.09038406146826938,-0.054067221270275745,-0.10064352577968805,-0.10536051565782678,-0.07696104113612856,0.0006076214305936745,-0.004124115645064208,0.0604025082975388,0.1206450373502172,0.0701297405487979,0.1137811622868502,0.0736453877616322
2025-07-06,15.2,15.0,17.2,21.8,21.0,101.65157350834065,0.0567295976267478,109.74095,2.785011242238338,2.772588722239781,2.9014215940827497,3.126760535960395,3.091042453358316,0.0567295976267478,4.621551019623417,4.698122588418583,0.09038406146826938,0.10536051565782634,0.06820825002653352,-0.10008345855698186,0.09531017980432521,0.0006072524509788124,-0.008827349939639184,0.0971004045173242,0.1206847673466298,0.0975401954634493,0.1195738949787635,0.0774493920532261
2025-07-13,18.0,18.0,18.0,27.8,23.4,101.59243652917397,0.0969537114839047,110.4656,2.9444389791664403,2.9444389791664403,2.9444389791664403,3.3603753871419,3.194583132299156,0.0969537114839047,4.620969088762826,4.704704160272906,0.15942773692810208,0.17185025692665912,0.043017385083690574,0.23361485118150505,0.10354067894083974,-0.0005819308605907736,0.006581571854322732,0.1031853345260468,0.1292653189680242,0.0907298578252247,0.1291905063814272,0.0853935159748984
2025-07-20,19.2,23.2,20.2,31.2,23.4,101.53329955000729,0.0968598023106226,111.19074,3.005682604407159,3.186352633162641,3.054001181677967,3.471966452550362,3.194583132299156,0.0968598023106226,4.620386819061517,4.711247104967766,0.06124362524071891,0.24191365399620057,0.1095622025115266,0.11159106540846198,0.0,-0.000582269701308924,0.0065429446948606085,0.1061824129644235,0.1496172511791116,0.0806392512790832,0.1022080550831744,0.1033652093585886
2025-07-27,20.8,23.0,20.8,37.0,24.2,101.47416257084062,0.0967660748818044,110.35564,3.0819099697950434,3.1780538303479458,3.0819099697950434,3.6375861597263857,3.226843994517377,0.0967660748818044,4.619804210124667,4.703708241500882,0.07622736538788422,-0.008298802814695083,0.027908788117076533,0.16561970717602348,0.03226086221822122,-0.0005826089368499154,-0.007538863466884038,0.088927192167002,0.1921549747838485,0.1000406903617429,0.1196811623212218,0.0898137329790478
2025-08-03,20.2,19.0,18.0,31.2,22.4,101.41502559167397,0.096672528670294,112.04934,3.054001181677967,2.995732273553991,2.9444389791664403,3.471966452550362,3.152736022363656,0.096672528670294,4.6192212615567625,4.718939310002011,-0.027908788117076533,-0.1823215567939549,-0.13747099062860313,-0.16561970717602348,-0.07410797215372122,-0.0005829485679047508,0.015231068501129208,0.0998085041517775,0.1678878633240219,0.0830426893928332,0.1273517023973386,0.0872937739233658
2025-08-10,17.2,16.8,18.2,32.0,22.2,101.43781538334062,0.0476218094185743,111.36652,2.9014215940827497,2.87919845729804,2.954910279033736,3.49650756146648,3.1441522786722644,0.0476218094185743,4.619445954409502,4.712826743722768,-0.15257958759521717,-0.11653381625595083,0.01047129986729578,0.024541108916117604,-0.008583743691391366,0.0002246928527398495,-0.006112566279242948,0.0857867304362755,0.1668911388176031,0.1208216023558194,0.0805389428839257,0.0780639791575892
2025-08-17,18.0,14.4,17.8,25.6,21.8,101.46060517500727,0.0475991418459553,111.08366,2.9444389791664403,2.734367509419584,2.933856869835904,3.2809112157876537,3.126760535960395,0.0475991418459553,4.6196705967867056,4.710283611121568,0.043017385083690574,-0.14483094787845596,-0.02105340919783183,-0.21559634567882613,-0.017391742711869274,0.00022464237720321023,-0.0025431326012004263,0.119661680140383,0.1542882153419444,0.0935910447457751,0.1414608431714872,0.0681503020350026
2025-08-24,18.4,14.2,18.2,24.4,20.0,101.48339496667394,0.0475764958421942,111.32738,2.9652730660692823,2.7212954278522306,2.954910279033736,3.2347491740244907,3.044522437723423,0.0475764958421942,4.619895188711045,4.712475229824964,0.020834086902842053,-0.01307208156735351,0.02105340919783183,-0.046162041763162964,-0.08223809823697215,0.00022459192433910147,0.0021916187033959034,0.1008802255492857,0.1610840940410861,0.080178437618734,0.1341036472231293,0.0653578424139746
2025-08-31,18.2,14.2,19.6,25.0,21.0,101.5061847583406,0.0475538713765821,111.08068,2.954910279033736,2.7212954278522306,3.025291075795536,3.258096538021482,3.091042453358316,0.0475538713765821,4.620119730205177,4.710256784133941,-0.010362787035546273,0.0,0.07038079676179976,0.023347363996991444,0.04652001563489305,0.0002245414941324242,-0.002218445691022808,0.0890654888956665,0.1454650373006601,0.0718111180943676,0.1064699426171659,0.0869326079256765
2025-09-07,19.2,12.8,20.6,20.4,19.4,101.52897455000728,0.0475312684183215,111.073225,3.005682604407159,2.624668592163159,3.0726933146901194,3.0633909220278057,3.0155349008501706,0.0475312684183215,4.620344221291746,4.710189668500725,0.05077232537342313,-0.09662683568907138,0.047402238894583615,-0.19470561599367642,-0.07550755250814545,0.00022449108656896755,-6.71156332163747e-05,0.0749649634191928,0.1354330149013288,0.0799027170702672,0.1688780057377128,0.0730994415101112
2025-09-14,21.2,13.0,22.4,31.4,22.8,101.5070940263209,0.0275651449651137,110.74414,3.100092288878234,2.6390573296152584,3.152736022363656,3.478158422798284,3.169685580677429,0.0275651449651137,4.620128687924453,4.707222495561475,0.09440968447107467,0.014388737452099232,0.08004270767353638,0.4147675007704783,0.1541506798272585,-0.00021553336729329686,-0.0029671729392495294,0.0722721604839007,0.1501525550985189,0.0763163313058548,0.2310313883155683,0.0890392845637615
2025-09-21,19.8,14.0,24.6,36.2,24.4,101.48521350263452,0.0275575486868628,110.20832,3.0349529867072724,2.70805020110221,3.242592351485517,3.616308761279101,3.2347491740244907,0.0275575486868628,4.619913108092513,4.70237239296146,-0.06513930217096142,0.06899287148695166,0.08985632912186103,0.13815033848081715,0.06506359334706158,-0.00021557983193964958,-0.004850102600014949,0.0778854110968328,0.1371902653454219,0.0854395265021986,0.2097252957028572,0.1068531329700367
2025-09-28,18.4,13.4,23.2,30.2,23.4,101.46333297894812,0.0275499565941528,111.02384,2.9652730660692823,2.667228206581955,3.186352633162641,3.4404180948154366,3.194583132299156,0.0275499565941528,4.619697481775887,4.709744953026309,-0.06967992063799011,-0.040821994520255256,-0.056239718322876,-0.17589066646366458,-0.04016604172533489,-0.00021562631662597198,0.0073725600648488765,0.0898402701616147,0.1269858415511548,0.0931575258030926,0.1572632086163847,0.101041532720281
2025-10-05,19.2,12.4,22.2,26.4,22.6,101.44145245526175,0.027542368683564,111.0936,3.005682604407159,2.5952547069568657,3.1441522786722644,3.310543013394025,3.1612467120315646,0.027542368683564,4.619481808954526,4.710373089225732,0.04040953833787686,-0.07197349962508914,-0.0422003544903764,-0.12987508142141158,-0.033336420267591205,-0.00021567282136114585,0.000628136199423146,0.0797164986833558,0.1313997231465377,0.0883893365786368,0.1266456797585782,0.0819760719773487
2025-10-12,18.6,12.0,22.2,23.0,21.8,101.4256387442332,0.0275347849515439,111.96488,2.975529566236472,2.5649493574615367,3.1441522786722644,3.1780538303479458,3.126760535960395,0.0275347849515439,4.619325906772786,4.718185250692723,-0.030153038170687374,-0.030305349495328926,0.0,-0.13248918304607926,-0.03448617607116944,-0.00015590218174033055,0.007812161466990375,0.0697538627956624,0.1378793654050286,0.0819652678641321,0.1336111023847742,0.070795193945433
2025-10-19,19.8,13.2,21.8,22.2,22.2,101.40982503320464,0.0275272053947395,111.9972,3.0349529867072724,2.653241964607215,3.126760535960395,3.1441522786722644,3.1441522786722644,0.0275272053947395,4.619169980281766,4.7184738709825895,0.059423420470800625,0.08829260714567821,-0.017391742711869274,-0.03390155167568132,0.017391742711869274,-0.00015592649101936473,0.00028862028986686994,0.0817875478635754,0.1339878840223368,0.072069163416689,0.1236009710666063,0.0686005515466831
2025-10-26,19.4,17.0,22.2,25.0,22.2,101.3940113221761,0.0275196300096647,112.07798,3.0155349008501706,2.8903717578961645,3.1441522786722644,3.258096538021482,3.1441522786722644,0.0275196300096647,4.619014029473885,4.71919487902551,-0.019418085857101808,0.23712979328894956,0.017391742711869274,0.1139442593492177,0.0,-0.00015595080788166626,0.0007210080429205235,0.0823128408741852,0.1261889501707079,0.0687799798828456,0.0799927536962833,0.0623458459733986
2025-11-02,21.4,16.4,24.4,28.8,24.4,101.37819761114754,0.0275120587928778,112.24628,3.109060958860994,2.856470206220483,3.2347491740244907,3.3945083935113587,3.2347491740244907,0.0275120587928778,4.618858054341554,4.720695385761408,0.09352605801082348,-0.03390155167568132,0.09059689535222626,0.13641185548987655,0.09059689535222626,-0.00015597513233078786,0.0015005067358977442,0.0804641007304499,0.1576377023812108,0.0658966377249076,0.075974635366545,0.0593183871267896
2025-11-09,19.8,15.6,25.2,28.8,23.2,101.48423122565804,0.0622170192813298,113.16162,3.0349529867072724,2.8094026953624978,3.265759410767051,3.3945083935113587,3.186352633162641,0.0622170192813298,4.6199034290299545,4.7288170623436185,-0.07410797215372167,-0.04706751085798544,0.031010236742560426,0.0,-0.04839654086184986,0.0010453746884007131,0.008121676582210746,0.0981821387855412,0.1487854418085169,0.0859990981038758,0.0509265744355977,0.0784951210281432
2025-11-16,20.0,14.8,28.0,32.4,24.0,101.59026484016852,0.06217833377542,112.579775,3.044522437723423,2.760009940032921,3.367295829986474,3.5085558999826545,3.218875824868201,0.06217833377542,4.620947712051217,4.723662081455095,0.009569451016150587,-0.049392755329576765,0.10153641921942302,0.1140475064712958,0.03252319170556017,0.001044283021262693,-0.005154980888523397,0.1136273347452009,0.1377881143463041,0.07602805610958,0.0785123011174917,0.0697884890833625
2025-11-23,14.0,12.2,21.6,28.6,19.2,101.696298454679,0.062139696347585,113.13432,2.70805020110221,2.580216829592325,3.1179499062782403,3.387774361330014,3.005682604407159,0.062139696347585,4.621990905682984,4.728575785366821,-0.33647223662121295,-0.17979311044059587,-0.24934592370823383,-0.1207815386526403,-0.21319322046104183,0.0010431936317667478,0.00491370391172552,0.0940265986369573,0.1314647266169347,0.0946017688637641,0.0786681185042116,0.067576108899242
2025-11-30,18.2,18.8,31.2,38.2,26.8,101.80233206918948,0.062101106908341,113.074475,2.954910279033736,2.9856819377004897,3.471966452550362,3.6686767467964168,3.3250360206965914,0.062101106908341,4.623033012195774,4.728046672417024,0.24686007793152598,0.4054651081081646,0.35401654627212187,0.28090238546640256,0.31935341628943226,0.0010421065127896867,-0.0005291129497964064,0.2452928822235731,0.1676468420779945,0.189304826592236,0.1625922671220076,0.14611295216934
2025-12-07,18.2,17.2,30.6,38.6,27.4,101.90836568369998,0.0620625653682704,112.27002,2.954910279033736,2.9014215940827497,3.4531571205928664,3.6788291182604342,3.3463891451671604,0.0620625653682704,4.624074033853017,4.720906862612652,0.0,-0.08426034361774004,-0.01880933195749579,0.010152371464017484,0.02135312447056892,0.0010410216572429576,-0.0071398098043724545,0.281135094506469,0.2656389410385995,0.2715114467152743,0.125467045799261,0.1966342728622895
2025-12-14,17.0,15.4,24.6,32.2,25.0,101.99296934877624,0.05759141775592,111.74354,2.8903717578961645,2.797281334830153,3.242592351485517,3.502549875922443,3.258096538021482,0.05759141775592,4.624903882955456,4.71620642421649,-0.06453852113757153,-0.10414025925259685,-0.21056476910734956,-0.17627924233799108,-0.08829260714567821,0.0008298491024394394,-0.0047004383961617435,0.2393550259919407,0.241616676441594,0.1892077036117076,0.1299714776844996,0.1510645951718679
2025-12-21,12.8,12.0,16.8,27.6,20.6,102.07757301385249,0.0575582691327181,111.2859,2.624668592163159,2.5649493574615367,2.87919845729804,3.353406717825807,3.0726933146901194,0.0575582691327181,4.6257330439793245,4.712102565620204,-0.26570316573300534,-0.2323319773686161,-0.3633938941874768,-0.14914315809663625,-0.18540322333136272,0.0008291610238684299,-0.004103858596286258,0.1763779688288859,0.212777522410568,0.1991621324929929,0.1521876819885735,0.1150590863028744
2025-12-28,12.8,13.6,19.2,34.2,24.6,102.16217667892872,0.0575251586470537,110.92535,2.624668592163159,2.681021528714291,3.005682604407159,3.5610460826040518,3.242592351485517,0.0575251586470537,4.626561518064733,4.7088574525450975,0.0,0.11607217125275415,0.12648414710911915,0.20763936477824485,0.16989903679539742,0.0008284740854085371,-0.0032451130751063317,0.2272377071456401,0.2294277724275458,0.2867086292850271,0.1334941254161274,0.1471922589477883
2026-01-04,15.8,18.0,26.8,36.8,30.2,102.24678034400496,0.0574920862332462,111.03845,2.8213788864092133,2.9444389791664403,3.3250360206965914,3.632309102625542,3.4404180948154366,0.0574920862332462,4.62738930634896,4.70987653772735,0.19671029424605413,0.26341745045214937,0.31935341628943226,0.07126302002149032,0.19782574332991976,0.0008277882842273598,0.001019085182252688,0.1687167255729077,0.2038797707511793,0.2145478383469034,0.0842613928607882,0.1294614859741479
2026-01-11,17.2,18.4,28.0,43.8,30.8,102.26031166174972,0.1263303708695762,111.66872,2.9014215940827497,2.9652730660692823,3.367295829986474,3.80220813942094,3.459466289786131,0.1263303708695762,4.627521637385813,4.7155366310476,0.08004270767353638,0.020834086902842053,0.04225980928988271,0.16989903679539786,0.019048194970694432,0.00013233103685283965,0.00566009332024997,0.1442969320735697,0.2093687572757814,0.2605184998764262,0.1054181953875627,0.1593349014714291
2026-01-18,17.6,20.0,29.2,40.2,31.0,102.27384297949448,0.1261709786043896,112.15522,2.923161580719156,3.044522437723423,3.407841924380824,3.7184382563554808,3.4657359027997265,0.1261709786043896,4.627653950913481,4.719883804689105,0.021739986636406528,0.0792493716541407,0.04054609439434964,-0.08376988306545918,0.006269613013595521,0.00013231352766762683,0.004347173641504831,0.1112083754697739,0.1818099697889533,0.1830031614479514,0.0876726652335067,0.1366374224390539
2026-01-25,18.2,21.0,31.2,39.2,40.8,102.28737429723924,0.1260119880459154,111.270925,2.954910279033736,3.091042453358316,3.471966452550362,3.693866995624976,3.7328963395307104,0.1260119880459154,4.627786246936594,4.711967993247305,0.031748698314579826,0.04652001563489305,0.0641245281695384,-0.02457126073050464,0.2671604367309839,0.0001322960231133763,-0.007915811441799647,0.0946715953464197,0.1664365536707657,0.1336485263323375,0.0587818944850304,0.1156519907226134
2026-02-01,19.6,20.0,40.4,43.2,41.4,102.30090561498398,0.1258533976774778,109.2554,3.025291075795536,3.044522437723423,3.7232808808312687,3.788724789083653,3.747148362237912,0.1258533976774778,4.627918525459785,4.6936882606718,0.07038079676179976,-0.04652001563489305,0.25131442828090655,0.09485779345867673,0.014252022707201384,0.00013227852319097622,-0.018279732575505747,0.0815692753726062,0.1505751101425317,0.108570617980491,0.0721991465624743,0.2182478389949039
2026-02-08,16.4,17.8,33.4,44.0,39.6,102.14215776606208,0.1577085837300318,110.26178,2.856470206220483,2.933856869835904,3.5380565643793527,3.80666248977032,3.703768066607687,0.1577085837300318,4.626365546569708,4.702857356691669,-0.1688208695750526,-0.1106655678875188,-0.18522431645191606,0.017937700686667224,-0.04338029563022472,-0.0015529788900767727,0.009169096019869372,0.0790712523652492,0.1384519524638881,0.1870891131079768,0.0545448830464252,0.1811106737682976
2026-02-15,17.8,17.4,36.4,46.6,38.4,101.98340991714016,0.1574602553913173,109.46354,2.933856869835904,2.91235066461494,3.6216707044204863,3.8628327612373754,3.673765816303888,0.1574602553913173,4.624810152184497,4.695591525773861,0.07738666361542101,-0.021506205220964247,0.08361414004113366,0.05617027146705533,-0.030002250303799105,-0.0015553943852113505,-0.007265830917807747,0.1483353761604851,0.1398954641076641,0.1860128692749778,0.0559302734544502,0.1400870219266563
2026-02-22,18.2,19.4,41.4,49.2,39.4,101.82466206821825,0.1572127078600438,110.2728,2.954910279033736,3.0155349008501706,3.747148362237912,3.9160150266976834,3.698829784967105,0.1572127078600438,4.623252334778351,4.702957295667309,0.02105340919783183,0.10318423623523065,0.12547765781742548,0.05318226546030802,0.02506396866321703,-0.0015578174061463557,0.007365769893447727,0.141316283203984,0.1293712497142741,0.1434660180937975,0.0548746683336465,0.1074415074762626
2026-03-01,20.2,25.4,40.8,52.8,31.6,101.66591421929633,0.1569659374593301,110.30596,3.054001181677967,3.2733640101522705,3.7328963395307104,3.9852734671677386,3.484312288372662,0.1569659374593301,4.621692086790238,4.703257959251144,0.09909090264423082,0.2578291093020999,-0.014252022707201384,0.06925844047005514,-0.2145174965944432,-0.0015602479881131615,0.0003006635838351812,0.1171395829393723,0.1296303101103534,0.1342005793202169,0.0595931995053325,0.0893395221417938
