,GARCH_vol_l_SHOCK_Index,GARCH_vol_l_VOL_Base_Index,GARCH_vol_l_MDI_Index,GARCH_vol_l_LEARN_Index,GARCH_vol_l_ESCAPE_Index
2022-01-09,,0.7839964326130141,,0.5861854236266701,0.2283753127212468
2022-01-16,0.015328341407713806,0.8456581979074168,0.16909795823555507,0.3970772824413017,0.1886832351445421
2022-01-23,0.014034057343110706,0.6871008848840562,0.1732177252848622,0.33105970508424903,0.1974655962555098
2022-01-30,0.015207304613559281,0.6539061696805761,0.24453691194030772,0.5091310700993888,0.15955371735287593
2022-02-06,0.016253086370641257,1.2310137904103136,0.2013191760690308,0.6432735473280968,0.4666595717953108
2022-02-13,0.01760309689587699,0.9765847740234281,0.16705865306035053,0.40568463585128783,0.44936916919690945
2022-02-20,0.01895660122915055,0.8556387039673532,0.1514918605085614,0.28912243383736475,0.37875752612070784
2022-02-27,0.020347781956224865,0.8249973362436319,0.15432925976079365,0.24368151900646387,0.31979680667756244
2022-03-06,0.021710953385427865,0.6819374616541771,0.14773850393272628,0.23247009452861414,0.2791752557455049
2022-03-13,0.07651169757668419,0.7507803129664375,0.17402946178487344,0.22330760508703132,0.2262051089373617
2022-03-20,0.1383314109979,0.7284786078158939,0.23818556782145198,0.1462081819873006,0.20235743856171134
2022-03-27,0.0999432634892356,0.6366273097603466,0.14743533493669303,0.10001671302935422,0.16614823161845269
2022-04-03,0.08370773869203658,0.6417946465086285,0.15481168947221208,0.06163301142546097,0.13753604155432675
2022-04-10,0.059073630795649264,0.6159997954827602,0.14561756096880218,0.07437417795745771,0.13189806047967412
2022-04-17,0.050134480402781297,0.6566798644094852,0.1468506351065579,0.09793358716298141,0.12474877175929704
2022-04-24,0.04287305921570674,0.6862948200188563,0.14958980421716114,0.08325694020703288,0.10696754302344658
2022-05-01,0.039469639784164796,0.6540238132976394,0.14474055823924215,0.08482976391608832,0.09454087885597443
2022-05-08,0.03730054198314899,0.6137022592381819,0.14471889883190317,0.0613390636443229,0.08624921269725987
2022-05-15,0.03625537671829937,0.6117528303076616,0.1494110974661358,0.1258081329287112,0.09553698053456948
2022-05-22,0.0357246568995911,0.8622770235093461,0.1451901105800018,0.14845396574606864,0.0985626033292377
2022-05-29,0.03554569548708215,1.1453513792319574,0.15182211874193827,0.10368590208811025,0.11263486664276692
2022-06-05,0.03554630907917207,0.8952577817555644,0.1629701440672973,0.088314897277899,0.1084092099206433
2022-06-12,0.03565190397803159,0.7603759480783162,0.14493107104571495,0.09644059546976119,0.09473958610457167
2022-06-19,0.03580803759844133,0.6734210860579661,0.15109737771876952,0.09918881334388008,0.09789520111582077
2022-06-26,0.03598664650409746,1.160963959904902,0.14573740488979792,0.08137013132657805,0.09240228354316933
2022-07-03,0.036170161265964985,0.9353123306978504,0.18405490372034497,0.10733556559031023,0.08639604310733752
2022-07-10,0.03634926075802542,0.7472428619450072,0.16622982924625504,0.1458074571052941,0.08233525449189992
2022-07-17,0.036518803526666456,0.7566041538461247,0.1474202339684329,0.1364261805169125,0.0879035547710938
2022-07-24,0.036676392103553626,0.72083368338728,0.1470891184153343,0.10218350451431128,0.08272519521672134
2022-07-31,0.03682113344024544,0.7321237460294882,0.1452928509305484,0.12051672569806421,0.08142006975012955
2022-08-07,0.03695303407249926,0.7233960458458719,0.15020491424831495,0.11106435149793624,0.0809837544037262
2022-08-14,0.03707258541591441,0.7275047753977495,0.18309559749553675,0.11276105398953377,0.1104099290908175
2022-08-21,0.03718053531614612,0.7250293270394664,0.15940347942272481,0.13872179165138807,0.09684950360944869
2022-08-28,0.037277745354896495,0.7263354795614557,0.14727310023701234,0.17577920492012816,0.09271261141221646
2022-09-04,0.037365109860190475,0.7255967195170914,0.15084560978622905,0.19396351703086795,0.10798591134325736
2022-09-11,0.03744350848776674,0.725999277219461,0.14654804198570517,0.14122261136959627,0.09467867683122975
2022-09-18,0.037513780428762834,0.725775508268789,0.15322648445710954,0.10536219604656843,0.09068873538970347
2022-09-25,0.03757671111843309,0.9844036945265933,0.16990758119381638,0.06622091527223467,0.08455469981431304
2022-10-02,0.03763302660972928,0.7363705459531453,0.1572714759142135,0.05949948426449819,0.07975600490234354
2022-10-09,0.03768339240796063,0.7345327109876013,0.1456543660134608,0.0974009966606601,0.07803652142446489
2022-10-16,0.03772841491203434,0.6528143493264673,0.16728814928780203,0.059220480938249144,0.08173489021668974
2022-10-23,0.037768644294897014,1.047673295059659,0.15004389704716165,0.16052548622673796,0.13031509369505728
2022-10-30,0.037804578125189565,0.9233234115221657,0.16777830311293027,0.1403792316167692,0.11731429373203006
2022-11-06,0.03783666530121342,0.7110149867021112,0.15089757691781672,0.1286024260123453,0.1167738504347595
2022-11-13,0.03786531004088124,0.6783262057640829,0.14553951877399832,0.1681998172283265,0.10064920266745749
2022-11-20,0.03789087577542518,0.6213709168825957,0.169899576402356,0.12482194263050518,0.11483014883353182
2022-11-27,0.03791368886021402,0.6061879664944217,0.1498058241642308,0.07623615189246802,0.2234141098631782
2022-12-04,0.08049100729494728,0.6319188659328251,0.16344028721230017,0.06842696530469568,0.18827559532147464
2022-12-11,0.07144554182467627,0.6122453393976509,0.14563971678199086,0.11336206459244519,0.15999570100558894
2022-12-18,0.047716455563311874,0.6576884054281106,0.14846305023149411,0.16792871595671965,0.1302560224825514
2022-12-25,0.0360695470597607,0.6620728973066735,0.1803708145358538,0.12083950658522187,0.11433140353285498
2023-01-01,0.026175246499642993,0.6256896625194772,0.1553752054492531,0.21433302917204483,0.12004058388263061
2023-01-08,0.07026599130459792,0.6061226237677672,0.14839210423701749,0.26857623042934625,0.13594046583568808
2023-01-15,0.11801650282256866,0.8414435964002865,0.18852854746753006,0.37152331804063937,0.13614268401506868
2023-01-22,0.20105213093041271,1.1733252332942141,0.22101955548265548,0.255354776519079,0.13341103413476493
2023-01-29,0.6430333984546875,0.892248386264348,0.1560276306453055,0.27199724474464104,0.17589817883799952
2023-02-05,0.5051617922802432,1.0785085598588353,0.15321384468947813,0.1863042814982913,0.23392452375552406
2023-02-12,0.36198346139220805,1.0153423165678992,0.14641592149873037,0.11513662233369841,0.19121138921759542
2023-02-19,0.2257191569730382,0.7297391608115604,0.14695533386015902,0.10914768365137818,0.15302679952767198
2023-02-26,0.18368479698075096,0.7461638253817598,0.19436854453547434,0.06620676732494457,0.13584640304010168
2023-03-05,0.13086224443264372,0.654017100498742,0.1457264171127682,0.10216862040258887,0.15257862473645997
2023-03-12,0.08356823852634158,0.6226668577091129,0.1489398364028023,0.10539584107622149,0.12502333556508344
2023-03-19,0.06188845396270217,0.6914107235838195,0.20262460154238304,0.07915607350521757,0.11501826732597793
2023-03-26,0.04718346915458638,0.6238884602907169,0.14673976353989698,0.050937574440163065,0.13078951540312803
2023-04-02,0.03969987913645279,0.6870365077441929,0.14504627455120642,0.0411881150962286,0.11790757466967544
2023-04-09,0.035342057616769326,0.6229391259365663,0.14467338297081636,0.03595641055235339,0.10715961842957991
2023-04-16,0.03324003161807516,0.6183048058328676,0.15347443260017807,0.09362659323015396,0.09468665011200221
2023-04-23,0.07443287763085848,0.6415151805791233,0.16920675965784102,0.07273739939422666,0.08999424726304092
2023-04-30,0.052735682476385486,0.642715846396022,0.15661188153048142,0.07026309682876032,0.09138271721551268
2023-05-07,0.05617547718499838,0.6593181752669629,0.15139050445546212,0.11523560606488126,0.08417661010955052
2023-05-14,0.05139254421185891,0.6391922532097677,0.14780070983080287,0.17667768505993414,0.09591163376562864
2023-05-21,0.053388979113409674,0.6094802210361704,0.1562178940127716,0.10944245178992185,0.08686515075745767
2023-05-28,0.09708564259173397,0.6042853050153849,0.17524359521656424,0.09789516974545001,0.0849116938046058
2023-06-04,0.06034202149979415,0.601234054414367,0.14646088264915258,0.07842430812663165,0.07972633650456808
2023-06-11,0.06113565773875991,0.6026892307392343,0.15604917505385532,0.09690453824289724,0.07670900969266589
2023-06-18,0.05259018387834619,0.6008866759095239,0.18402902734449153,0.06991017718577704,0.07599585200588627
2023-06-25,0.050353538237485666,0.8011308822911647,0.14529547079115707,0.11107972745516242,0.07732167359200347
2023-07-02,0.09463385659652777,0.6591042820047277,0.1471443790401744,0.13708962173939845,0.09274807580568364
2023-07-09,0.09154199610189064,1.0414858090677028,0.1458187603235385,0.15092430633799603,0.08509451861227013
2023-07-16,0.13722520714697847,0.8825633123905834,0.1471814508149872,0.10394465640784586,0.0798014671601044
2023-07-23,0.12557640789180818,1.0288629788861048,0.20931444579067943,0.13235890314669407,0.08439033503819511
2023-07-30,0.15917298902846344,0.7697957872624219,0.15708481241742583,0.17044778354535903,0.08214882435979137
2023-08-06,0.09735707776264418,0.6921770554492452,0.1580587833255488,0.11107253412818927,0.07797645098197006
2023-08-13,0.08944538410829335,0.6255276133368433,0.19694380059933395,0.10228196325323279,0.07603885917238871
2023-08-20,0.08178511043844047,1.1678472602766685,0.14575902414094538,0.08370508103313527,0.07528171832791165
2023-08-27,0.12374916907351527,1.0097557786539446,0.15837858522859452,0.1455364698371346,0.08989168036971341
2023-09-03,0.07636936002312092,0.750750117715439,0.2499371402046839,0.11815145597760827,0.08470909162517659
2023-09-10,0.06479827467965751,0.7639073938352445,0.1980914865338293,0.10070225168654683,0.08052860469698897
2023-09-17,0.058299566857567896,0.6552508777556174,0.14977303898453986,0.06991536565626266,0.07981556542384798
2023-09-24,0.047359193675791667,0.6492436013752481,0.15409465756519802,0.04434992812636966,0.07948650248465754
2023-10-01,0.03068153410557196,0.7388990546310257,0.14980721518148837,0.03015057701336783,0.07936922073676693
2023-10-08,0.025969431700934558,0.6705142474896504,0.14496253518586596,0.06226762160626803,0.07791508303058009
2023-10-15,0.022536532420007922,0.6221817019363156,0.15023183085397923,0.04802506587671328,0.08355774822247357
2023-10-22,0.04325022763289062,0.6101209725453225,0.14518495903775747,0.12036066914850072,0.08300057432254658
2023-10-29,0.03905337999689166,0.6171585299324283,0.15267267238549848,0.07794627926440888,0.07866385430950565
2023-11-05,0.02420746945424916,0.7504341858917225,0.15243472243656245,0.08107914664453578,0.08435431116794322
2023-11-12,0.058870997244204235,0.6583299480298309,0.1464741323266061,0.10170924974515021,0.08337785177175583
2023-11-19,0.036414334322858254,0.6813100601546951,0.14472264324820497,0.06885624455217225,0.12256482399390134
2023-11-26,0.03939687477239119,0.6220111857620325,0.14694957583551077,0.05221099236070347,0.1311280858700425
2023-12-03,0.0848191883075461,0.611252533885192,0.14489555552607147,0.03289168873463008,0.11227961487922078
2023-12-10,0.10784840597817218,0.6192840112526445,0.14516586235615025,0.07867224020125095,0.12101875555313754
2023-12-17,0.07501445309672405,0.7692660213696257,0.15408457368660353,0.06808049325106502,0.10453105342025497
2023-12-24,0.09894814370655262,0.6489026090922849,0.15197310490726243,0.0613232857003954,0.09386393912792174
2023-12-31,0.06227857719638659,0.6133196476760707,0.149776167629426,0.1359848287613251,0.0893577143973524
2024-01-07,0.05903867696160483,1.3235594732705898,0.14471549204725423,0.15327049950898855,0.09528668743028507
2024-01-14,0.049912685862258936,0.9252471164140966,0.1826230774456831,0.09403778740172991,0.11656817114744006
2024-01-21,0.04693033466327539,0.6995935165740044,0.17402800876308086,0.06354714479493292,0.1052020834350059
2024-01-28,0.08619786606074956,0.6321952429593743,0.1465324771127335,0.14624392625206759,0.11092155589257756
2024-02-04,0.11039038557442168,1.145814300131575,0.15140854462170278,0.3707091772268967,0.11273724891253467
2024-02-11,0.13311537189446157,1.006541953557794,0.2491941040284473,0.3246361988337764,0.15548558009495023
2024-02-18,0.1713769050422281,0.7489585252199987,0.17170570205821478,0.32477646538073207,0.1270644101583923
2024-02-25,0.13908838546845076,1.1717721898700233,0.18934908359197267,0.20074221853114638,0.18481355187570853
2024-03-03,0.12102913668463992,1.2891634321913192,0.1456826248853857,0.14758900727532256,0.18563521453959944
2024-03-10,0.10948820443050444,1.1182578359871231,0.14996577556620508,0.1672624709437159,0.15074006790814315
2024-03-17,0.08064051194411309,1.068674978908781,0.1560931616738985,0.10515227065197646,0.1309344694761093
2024-03-24,0.08770796595619444,1.1998002619372954,0.1671890255063094,0.12373219043745218,0.15757427508363311
2024-03-31,0.062120185287327156,0.850182332994191,0.15543586270809903,0.08309858109723128,0.12908265115411782
2024-04-07,0.05295326472721107,0.7528279701428989,0.14588845092433073,0.09063320318870767,0.13195063901449783
2024-04-14,0.04439634356199357,0.6731179313635413,0.14465619749209158,0.05685975342572589,0.11103579464311147
2024-04-21,0.03658603406743529,0.6221443789885486,0.146028816622527,0.09323901243241423,0.09725879640611107
2024-04-28,0.07036941451100741,0.6377343124448909,0.154390200995656,0.0883770627922053,0.13233622642579626
2024-05-05,0.11644334411252961,0.6153092466173953,0.15991177799171827,0.17366930490265492,0.127354879816137
2024-05-12,0.10551799728237884,0.6076537079379511,0.17916070085575722,0.20377963906916044,0.13853244076084256
2024-05-19,0.08508734589775827,0.6065682256330842,0.14994015531207971,0.14337286068021196,0.11961554531945534
2024-05-26,0.09728702025793781,0.6011502227775926,0.15596231515540782,0.10419980453179986,0.11895839229043681
2024-06-02,0.09394443542845674,0.6564799578265327,0.1499985392855935,0.10069916017893897,0.11100557530134963
2024-06-09,0.08728993314571427,0.6542735715394262,0.1547702364696624,0.08976934674935101,0.0974888725622825
2024-06-16,0.06716874884583726,0.6134951473535606,0.1628489010227442,0.14728660437128266,0.08787919583460602
2024-06-23,0.05349467749911508,0.6032185376064505,0.157909488315772,0.11169303757663224,0.10979241634430606
2024-06-30,0.045321332353390996,1.1437111316913933,0.159059291924705,0.15701886375094726,0.09685105446632326
2024-07-07,0.031961562302263866,0.9244622659989215,0.14901628092309246,0.10673534912734518,0.0882907982440349
2024-07-14,0.04883340704652447,0.7458244370660225,0.14825793809495508,0.07804993775474406,0.08181977364688424
2024-07-21,0.04345294320344185,0.8032205850671292,0.1542588996478782,0.1083590277892922,0.07883966550720337
2024-07-28,0.06424242375578922,0.6613184995254775,0.16185248518801193,0.12234025551023983,0.07605082025754932
2024-08-04,0.05455342375352509,0.6608312297282031,0.15834196890029217,0.08774578501737064,0.09119906655138003
2024-08-11,0.05134281745023081,1.043115493876516,0.14519254284722957,0.06400372717678265,0.0836498512993986
2024-08-18,0.05435101030144553,0.8972286031581599,0.15143138684962063,0.038630556508213926,0.07889260111888459
2024-08-25,0.05538611736505184,0.905214977189994,0.14885498608782957,0.06620233063132328,0.09926739920452542
2024-09-01,0.06522246726989464,1.0826440474354029,0.1460585267175249,0.07125741436140086,0.09364785606528941
2024-09-08,0.17822540797121433,0.9315187489077897,0.2218290066274635,0.1650101713173718,0.11042055465134241
2024-09-15,0.1266878645263927,1.3369201264623316,0.15533246558461195,0.11644298356006377,0.09713046655704405
2024-09-22,0.12151271259330916,0.8674124757282436,0.17205404709269864,0.07098513252381053,0.0910552696823272
2024-09-29,0.08642389825243875,0.8703675710350732,0.14906225067976459,0.07083707695067304,0.08485037784615634
2024-10-06,0.07166908326550579,0.885744263515008,0.14496658010986624,0.057229232773444626,0.08064360260742529
2024-10-13,0.087498579179861,0.682613314659374,0.14548702212740938,0.08182778087903105,0.08639594023281028
2024-10-20,0.06989459835750814,0.6289280865110081,0.16999686019601445,0.14956939069778402,0.08069053069259442
2024-10-27,0.08600047250547431,0.7061810071453911,0.16399681504627334,0.15676024330653823,0.07744388549578363
2024-11-03,0.05978142278267124,0.7708727563110465,0.1457535301462394,0.09814714891096468,0.10314182259017791
2024-11-10,0.043027245049595826,0.6513381581354616,0.16376149088900527,0.09126952117344478,0.0914090589912587
2024-11-17,0.0358718412566317,0.7553700328015583,0.14496258733594772,0.0992030658770313,0.11194265224127634
2024-11-24,0.045440134540489494,0.6939067217490492,0.14654518407777517,0.12705235886070337,0.13023099494845133
2024-12-01,0.03468387953273349,0.6246910723855913,0.1487826009797536,0.09062921590309235,0.10952042350559292
2024-12-08,0.07238309688654544,0.64999665022287,0.14935499498330498,0.1399394322700449,0.09739450911590074
2024-12-15,0.0748591609299434,0.7107436519909964,0.16410031200582412,0.11850679646202482,0.08755677218896432
2024-12-22,0.04838054220302201,0.8263943047041323,0.1586169853127242,0.14269687749758578,0.08254497687150736
2024-12-29,0.0922192728473476,0.706744540920914,0.15725984328364973,0.1287470176395286,0.09891871558397063
2025-01-05,0.06475745485367514,0.6643168875300741,0.1524506004400826,0.09957184185130691,0.09741246170477248
2025-01-12,0.0829547732919581,0.625004708063699,0.22449890255076954,0.14733051809088274,0.09964930516285621
2025-01-19,0.1559112400507962,0.6306119819096978,0.14827290672599772,0.2422867705994995,0.09280254059722168
2025-01-26,0.18952820809473614,1.253816110209633,0.27249639818161087,0.3257630587838851,0.1068582255267252
2025-02-02,0.25202184220057405,0.9662017808365513,0.21090132539024953,0.4509010204011741,0.3886005765440474
2025-02-09,0.1734611291401322,1.232015410217417,0.1484807088368272,0.2817222386135162,0.36148344576478236
2025-02-16,0.13577688301586052,1.052624565799736,0.15098322989974108,0.17935242372211918,0.3313631577957921
2025-02-23,0.09733396849745057,0.810448236710258,0.1461065232887062,0.1210885567122008,0.26182697666699417
2025-03-02,0.07247406317156319,0.658665216714411,0.16247083778556284,0.11931800873190675,0.21747486253944637
2025-03-09,0.06437902750570379,0.616534109247142,0.15123004075190769,0.12884710084866718,0.17945274757527824
2025-03-16,0.06443658257448932,0.6039132486794503,0.1573212951689879,0.10099125379080855,0.15625747075525273
2025-03-23,0.10943071383976874,0.6438294173614042,0.1456553184550277,0.08267719389944696,0.1700093586044437
2025-03-30,0.10200540550730669,0.6431164606259171,0.14734190177374765,0.08996952730824144,0.15319904281109525
2025-04-06,0.09017374080931308,0.6133747207601384,0.14488111959684896,0.06757200306018125,0.12807381165559284
2025-04-13,0.06640773571663834,0.6028407916303186,0.14634443299526034,0.08485890595451086,0.15146294967430088
2025-04-20,0.06358546557225718,0.6832882616560836,0.14908282764142697,0.07141718534169629,0.1274973079051025
2025-04-27,0.12792589676229335,0.6298757616404432,0.14688727121947873,0.09741581201853025,0.111527107801772
2025-05-04,0.1908746130793482,0.6086128610586816,0.23971937198999302,0.19951427712421055,0.1386296699543669
2025-05-11,0.15946143488882036,0.6264557834490939,0.1836123433345571,0.2309945120845918,0.1885177045376075
2025-05-18,0.1805460552632572,0.6214105828669396,0.14682131780456584,0.15501986166134285,0.15287513186046786
2025-05-25,0.11750279585915342,0.7887330511421655,0.17141611034411844,0.12392675379542928,0.12521886089254136
2025-06-01,0.0948669760896266,0.6951287919389643,0.14925911250002122,0.09118295577299482,0.10824185119161234
2025-06-08,0.11778318506789938,0.6612680826980925,0.16838284963455344,0.05591567314473502,0.09478751572882693
2025-06-15,0.10871165901512547,0.732889341066583,0.14517137766906865,0.03522964256606459,0.08615538783548587
2025-06-22,0.08618721940081038,0.6519672158580333,0.14464813796151016,0.033158616335292414,0.08587366398626975
2025-06-29,0.060558257609550525,1.221173220852276,0.16687555303205212,0.03840941605387267,0.08373457361832788
2025-07-06,0.04576720807296568,1.130029173812212,0.14597581730337128,0.0426062871614346,0.10462221115177389
2025-07-13,0.047644518354940255,1.201440505493716,0.1535411677043572,0.11018991420922025,0.12844993064844223
2025-07-20,0.0494680706937374,1.0375390902467607,0.1452622924276893,0.09833357383295799,0.11770675026651191
2025-07-27,0.035656478492208425,1.1228029868122575,0.14467133051806974,0.06113273281340118,0.10269138867147382
2025-08-03,0.0910971125929067,0.8096258448786131,0.1460072440569192,0.04711019160347143,0.1087282121030808
2025-08-10,0.10134042238865679,0.7943203506712494,0.14515024691318057,0.03794374625933407,0.14375629831979858
2025-08-17,0.06878805183782903,0.6536515962128666,0.14478057735014438,0.047090558223428974,0.14394011495470058
2025-08-24,0.05789501313474451,0.6133140589088483,0.14466061805853367,0.03543241098251012,0.11896752837332449
2025-08-31,0.053611183651591565,0.664553871802482,0.147654738837971,0.07491806964599806,0.1186048924378606
2025-09-07,0.09088535713364629,0.6174207405584891,0.19560066436855106,0.20103277753175378,0.12143740949562085
2025-09-14,0.13243268389153323,1.1650295795667898,0.17054874826750627,0.16482144034914203,0.10580437044612304
2025-09-21,0.15393935671039333,1.088453196079945,0.15209151542818145,0.18236706353958382,0.0979404567795171
2025-09-28,0.1077604627564212,0.7951663576023837,0.16342025570568325,0.11680778550483824,0.0893084854945341
2025-10-05,0.10500730590740885,0.8006745583055072,0.14507139790906812,0.12772348933146288,0.08461572359955408
2025-10-12,0.07138819156582642,0.6564546342686363,0.17073043684318165,0.11882686131711055,0.07962766946798504
2025-10-19,0.05474775124468739,0.6196857750012841,0.15677043704197818,0.136381150579541,0.07891244743775278
2025-10-26,0.03736449429585421,0.8238577340920098,0.14519041419189727,0.16693949664120947,0.07656145171830786
2025-11-02,0.043561488675188775,0.7435354488979073,0.19498693342494028,0.13862104965820662,0.10603304289200334
2025-11-09,0.03198788436059753,0.6675791647903773,0.19819929124330202,0.08464614245552683,0.10607976676903697
2025-11-16,0.01970227769370029,0.6170755743681242,0.1517594409518167,0.05333925616088021,0.09808997954703204
2025-11-23,0.016969630831944,0.6073080437727589,0.14847599379342738,0.08227461607807167,0.11946247056947418
2025-11-30,0.019885236970057785,0.7071566913847259,0.14888265956503377,0.0715806331654574,0.11289644695537465
2025-12-07,0.01873460666743099,0.6539388634772412,0.1601867964764862,0.08778865754440245,0.09916813831561663
2025-12-14,0.032736155026281986,0.6368491372219492,0.14706502420857132,0.10449577558347961,0.08867150754412387
2025-12-21,0.0316344329784058,0.6948819911317223,0.1547523038468609,0.1370296313899687,0.08418233145652299
2025-12-28,0.0745836936177599,0.6318118686886964,0.17987400852040925,0.11045048701876374,0.09805782850947084
2026-01-04,0.054491038523057096,0.6913755194166947,0.1509095214785458,0.12521438603633447,0.0914052482611089
2026-01-11,0.0684443072186089,0.6499419356204631,0.15398110527908393,0.15857318390388642,0.08777187682250402
2026-01-18,0.06785892641594136,0.6851277997408048,0.14555065207884268,0.1294813339482502,0.11863764626341297
2026-01-25,0.06197239471368473,0.6344119158441689,0.14748056366008774,0.09660468280409495,0.1348852420842172
2026-02-01,0.08861900629299356,0.6531723608415233,0.15894299138537124,0.08650167825694612,0.11286489705684538
2026-02-08,0.18132921725506052,0.6771165813813689,0.14503864506405542,0.20795488833071904,0.09957162046599337
2026-02-15,0.19685193270950066,0.7026704849222011,0.1886954959293616,0.2447291581841792,0.09225807133494036
2026-02-22,0.2844066933788267,1.3881661550242024,0.2990179013241516,0.41680789514727573,0.35326248850732106
2026-03-01,0.18096478957014386,1.054401666151092,0.2968727219758318,0.2838902007837509,0.3751245726691089
