,SHOCK_Index,VOL_Base_Index,MDI_Index,LEARN_Index,ESCAPE_Index,IIP_sa,INFL_sa,EXR,l_SHOCK_Index,l_VOL_Base_Index,l_MDI_Index,l_LEARN_Index,l_ESCAPE_Index,l_INFL_sa,l_IIP_sa,l_EXR,d_l_SHOCK_Index,d_l_MDI_Index,d_l_IIP_sa,d_l_EXR,GARCH_vol_l_SHOCK_Index,GARCH_vol_l_VOL_Base_Index,GARCH_vol_l_MDI_Index,GARCH_vol_l_LEARN_Index,GARCH_vol_l_ESCAPE_Index
2022-01-16,0.0,6.6,17.6,18.4,15.4,170.20490529088966,0.0847277752863862,22645.0,0.0,2.028148247292285,2.923161580719156,2.9652730660692823,2.797281334830153,0.0847277752863862,5.137003036469497,10.027694355990317,0.0,-0.20359895524123894,-0.0018557871319231367,-0.002866279109287717,0.0153283414077138,0.8456581979074168,0.169097958235555,0.3970772824413017,0.1886832351445421
2022-01-23,0.0,4.8,11.6,11.8,17.0,169.88874794823232,0.0846560481001956,22630.0,0.0,1.7578579175523736,2.533696813957432,2.5494451709255714,2.8903717578961645,0.0846560481001956,5.135143798987587,10.027031738627583,0.0,-0.38946476676172415,-0.0018592374819093038,-0.0006626173627335419,0.0140340573431107,0.6871008848840562,0.1732177252848622,0.331059705084249,0.1974655962555098
2022-01-30,0.0,0.0,9.4,5.0,7.8,169.572590605575,0.0845844422540764,22645.0,0.0,0.0,2.341805806147327,1.791759469228055,2.174751721484161,0.0845844422540764,5.1332810983017465,10.027694355990317,0.0,-0.19189100781010504,-0.0018627006858409345,0.0006626173627335419,0.0152073046135592,0.6539061696805761,0.2445369119403077,0.5091310700993888,0.1595537173528759
2022-02-06,0.0,0.0,13.2,12.6,22.6,169.25643326291765,0.0845129574403857,22680.0,0.0,0.0,2.653241964607215,2.6100697927420065,3.1612467120315646,0.0845129574403857,5.131414921486064,10.029238757841688,0.0,0.3114361584598879,-0.0018661768156826852,0.0015444018513708357,0.0162530863706412,1.2310137904103136,0.2013191760690308,0.6432735473280968,0.4666595717953108
2022-02-13,0.0,2.2,15.4,16.6,21.6,169.6308199179293,0.1653643392600212,22785.0,0.0,1.1631508098056809,2.797281334830153,2.8678989020441064,3.1179499062782403,0.1653643392600212,5.133624428062709,10.033857703697985,0.0,0.1440393702229379,0.0022095065766452038,0.004618945856297074,0.0176030968958769,0.976584774023428,0.1670586530603505,0.4056846358512878,0.4493691691969094
2022-02-20,0.0,6.6,17.6,17.8,23.2,170.00520657294095,0.1650913370613294,22840.0,0.0,2.028148247292285,2.923161580719156,2.933856869835904,3.186352633162641,0.1650913370613294,5.13582906348092,10.036268663769947,0.0,0.12588024588900337,0.0022046354182112538,0.00241096007196262,0.0189566012291505,0.8556387039673532,0.1514918605085614,0.2891224338373647,0.3787575261207078
2022-02-27,0.0,7.2,18.4,21.4,25.8,170.3795932279526,0.1648192347828647,22835.0,0.0,2.1041341542702074,2.9652730660692823,3.109060958860994,3.288401887516811,0.1648192347828647,5.138028849171726,10.0360497256191,0.0,0.0421114853501261,0.002199785690805811,-0.0002189381508479471,0.0203477819562248,0.8249973362436319,0.1543292597607936,0.2436815190064638,0.3197968066775624
2022-03-06,0.0,14.0,22.2,26.0,25.6,170.75397988296425,0.1645480279822919,22835.0,0.0,2.70805020110221,3.1441522786722644,3.295836866004329,3.2809112157876537,0.1645480279822919,5.140223806425031,10.0360497256191,0.0,0.17887921260298212,0.0021949572533053185,0.0,0.0217109533854278,0.6819374616541771,0.1477385039327262,0.2324700945286141,0.2791752557455049
2022-03-13,0.2,16.0,31.4,30.2,29.0,171.02567605137918,0.1871705087936437,22865.0,0.1823215567939546,2.833213344056216,3.478158422798284,3.4404180948154366,3.4011973816621555,0.1871705087936437,5.141813697578171,10.037362636092157,0.1823215567939546,0.3340061441260196,0.0015898911531397886,0.0013129104730573715,0.0765116975766841,0.7507803129664375,0.1740294617848734,0.2233076050870313,0.2262051089373617
2022-03-20,0.0,10.4,27.8,26.2,28.4,171.2973722197941,0.1868208352856948,22869.0,0.0,2.4336133554004498,3.3603753871419,3.3032169733019514,3.380994674344636,0.1868208352856948,5.143401064989376,10.037537560656384,-0.1823215567939546,-0.11778303565638382,0.0015873674112052427,0.00017492456422729674,0.1383314109979,0.7284786078158939,0.2381855678214519,0.1462081819873006,0.2023574385617113
2022-03-27,0.0,12.2,21.8,23.0,26.0,171.56906838820902,0.1864724658673822,22838.0,0.0,2.580216829592325,3.126760535960395,3.1780538303479458,3.295836866004329,0.1864724658673822,5.144985916658165,10.036181094261591,0.0,-0.23361485118150505,0.0015848516687881897,-0.001356466394792477,0.0999432634892356,0.6366273097603466,0.147435334936693,0.1000167130293542,0.1661482316184526
2022-04-03,0.0,10.0,21.6,20.8,24.0,171.84076455662395,0.186125393256975,22859.0,0.0,2.3978952727983707,3.1179499062782403,3.0819099697950434,3.218875824868201,0.186125393256975,5.1465682605460765,10.037100191860048,0.0,-0.008810629682154847,0.0015823438879118967,0.000919097598456986,0.0837077386920365,0.6417946465086285,0.154811689472212,0.0616330114254609,0.1375360415543267
2022-04-10,0.0,5.2,22.0,21.0,23.2,171.70954096250972,0.1240342629340807,22900.0,0.0,1.824549292051046,3.1354942159291497,3.091042453358316,3.186352633162641,0.1240342629340807,5.145804333992161,10.03889218954233,0.0,0.017544309650909362,-0.0007639265539154394,0.0017919976822824424,0.0590736307956492,0.6159997954827602,0.1456175609688021,0.0743741779574577,0.1318980604796741
2022-04-17,0.0,9.6,23.0,22.8,23.6,171.57831736839552,0.1238806085343657,22962.0,0.0,2.360854001118021,3.1780538303479458,3.169685580677429,3.202746442938317,0.1238806085343657,5.145039823408282,10.041595954653758,0.0,0.04255961441879608,-0.0007645105838793853,0.0027037651114270034,0.0501344804027812,0.6566798644094852,0.1468506351065579,0.0979335871629814,0.124748771759297
2022-04-24,0.0,9.6,22.0,22.8,23.8,171.4470937742813,0.1237273343596356,22956.0,0.0,2.360854001118021,3.1354942159291497,3.169685580677429,3.210843653170937,0.1237273343596356,5.144274727900761,10.041334619228254,0.0,-0.04255961441879608,-0.0007650955075204635,-0.00026133542550432765,0.0428730592157067,0.6862948200188563,0.1495898042171611,0.0832569402070328,0.1069675430234465
2022-05-01,0.0,8.6,21.0,22.8,23.0,171.31587018016708,0.1235744390003068,22955.0,0.0,2.26176309847379,3.091042453358316,3.169685580677429,3.1780538303479458,0.1235744390003068,5.143509046573867,10.041291056683322,0.0,-0.04445176257083361,-0.0007656813268939189,-4.356254493131928e-05,0.0394696397841647,0.6540238132976394,0.1447405582392421,0.0848297639160883,0.0945408788559744
2022-05-08,0.0,8.4,22.4,21.6,24.0,170.74234963820905,0.1073900878617806,23096.0,0.0,2.2407096892759584,3.152736022363656,3.1179499062782403,3.218875824868201,0.1073900878617806,5.140155692985709,10.04741472134277,0.0,0.06169356900533973,-0.0033533535881584697,0.006123664659448025,0.0373005419831489,0.6137022592381819,0.1447188988319031,0.0613390636443229,0.0862492126972598
2022-05-15,0.0,2.0,21.0,15.6,20.0,170.168829096251,0.1072748852682492,23140.0,0.0,1.0986122886681098,3.091042453358316,2.8094026953624978,3.044522437723423,0.1072748852682492,5.136791056571349,10.049318000747668,0.0,-0.06169356900533973,-0.0033646364143598007,0.001903279404897873,0.0362553767182993,0.6117528303076616,0.1494110974661358,0.1258081329287112,0.0955369805345694
2022-05-22,0.0,0.0,18.6,11.6,18.2,169.59530855429296,0.1071599295767278,23205.0,0.0,0.0,2.975529566236472,2.533696813957432,2.954910279033736,0.1071599295767278,5.133415061149105,10.052123051675276,0.0,-0.11551288712184427,-0.0033759954222443156,0.002805050927607411,0.0357246568995911,0.8622770235093461,0.1451901105800018,0.1484539657460686,0.0985626033292377
2022-05-29,0.0,3.0,16.0,12.0,21.0,169.0217880123349,0.1070452199943616,23193.0,0.0,1.3862943611198906,2.833213344056216,2.5649493574615367,3.091042453358316,0.1070452199943616,5.130027629763109,10.051605787988583,0.0,-0.14231622218025564,-0.0033874313859953986,-0.0005172636866923597,0.0355456954870821,1.1453513792319574,0.1518221187419382,0.1036859020881102,0.1126348666427669
2022-06-05,0.0,4.8,17.2,12.0,19.2,168.44826747037686,0.106930755731649,23155.0,0.0,1.7578579175523736,2.9014215940827497,2.5649493574615367,3.005682604407159,0.106930755731649,5.126628684672788,10.049966018914851,0.0,0.06820825002653352,-0.003398945090321348,-0.001639769073731756,0.035546309079172,0.8952577817555644,0.1629701440672973,0.088314897277899,0.1084092099206433
2022-06-12,0.0,3.6,19.8,11.0,17.4,168.51543129613444,0.0652954948412887,23232.0,0.0,1.5260563034950492,3.0349529867072724,2.4849066497880004,2.91235066461494,0.0652954948412887,5.127027325991677,10.053285917624525,0.0,0.13353139262452274,0.0003986413188892257,0.003319898709673197,0.0356519039780315,0.7603759480783162,0.1449310710457149,0.0964405954697611,0.0947395861045716
2022-06-19,0.0,0.0,19.0,10.2,19.2,168.582595121892,0.0652528876454061,23244.0,0.0,0.0,2.995732273553991,2.4159137783010487,3.005682604407159,0.0652528876454061,5.127425808458988,10.053802313194996,0.0,-0.03922071315328157,0.00039848246731111203,0.0005163955704716727,0.0358080375984413,0.6734210860579661,0.1510973777187695,0.09918881334388,0.0978952011158207
2022-06-26,0.0,0.0,14.8,10.2,19.0,168.6497589476496,0.0652103360180955,23255.0,0.0,0.0,2.760009940032921,2.4159137783010487,2.995732273553991,0.0652103360180955,5.127824132201269,10.054275441658197,0.0,-0.23572233352106986,0.0003983237422806596,0.0004731284632004673,0.0359866465040974,1.160963959904902,0.1457374048897979,0.081370131326578,0.0924022835431693
2022-07-03,0.0,0.0,13.4,9.4,18.0,168.71692277340716,0.0651678398507549,23350.0,0.0,0.0,2.667228206581955,2.341805806147327,2.9444389791664403,0.0651678398507549,5.128222297344918,10.058352263097044,0.0,-0.09278173345096619,0.0003981651436486544,0.0040768214388471335,0.0361701612659649,0.9353123306978504,0.1840549037203449,0.1073355655903102,0.0863960431073375
2022-07-10,0.0,0.0,16.0,8.0,17.2,168.51775610674048,0.0128154213075326,23415.0,0.0,0.0,2.833213344056216,2.19722457733622,2.9014215940827497,0.0128154213075326,5.127041121728673,10.061132121617645,0.0,0.16598513747426136,-0.0011811756162449782,0.0027798585206006976,0.0363492607580254,0.7472428619450072,0.166229829246255,0.1458074571052941,0.0823352544918999
2022-07-17,0.0,0.0,18.0,7.6,17.8,168.31858944007382,0.0128137791677529,23410.0,0.0,0.0,2.9444389791664403,2.151762203259462,2.933856869835904,0.0128137791677529,5.125858549286533,10.060918560484955,0.0,0.1112256351102241,-0.0011825724421399286,-0.00021356113268922172,0.0365188035266664,0.7566041538461247,0.1474202339684329,0.1364261805169125,0.0879035547710938
2022-07-24,0.0,0.0,17.8,8.2,17.6,168.11942277340714,0.0128121374487477,23358.0,0.0,0.0,2.933856869835904,2.2192034840549946,2.923161580719156,0.0128121374487477,5.1246745767108886,10.05869481683851,0.0,-0.01058210933053605,-0.0011839725756441766,-0.0022237436464447313,0.0366763921035536,0.72083368338728,0.1470891184153343,0.1021835045143112,0.0827251952167213
2022-07-31,0.0,0.0,16.6,8.0,17.6,167.92025610674048,0.0128104961503616,23393.0,0.0,0.0,2.8678989020441064,2.19722457733622,2.923161580719156,0.0128104961503616,5.1234892006823705,10.060192111293768,0.0,-0.06595796779179786,-0.0011853760285180925,0.0014972944552571477,0.0368211334402454,0.7321237460294882,0.1452928509305484,0.1205167256980642,0.0814200697501295
2022-08-07,0.0,0.0,13.4,8.0,16.0,167.7210894400738,0.0128088552724614,23390.0,0.0,0.0,2.667228206581955,2.19722457733622,2.833213344056216,0.0128088552724614,5.12230241786979,10.060063859578223,0.0,-0.20067069546215155,-0.0011867828125806668,-0.00012825171554453618,0.0369530340724992,0.7233960458458719,0.1502049142483149,0.1110643514979362,0.0809837544037262
2022-08-14,0.0,0.0,17.4,8.0,17.6,167.8867144400738,0.0346053287512138,23401.0,0.0,0.0,2.91235066461494,2.19722457733622,2.923161580719156,0.0346053287512138,5.123289433138989,10.060534035475412,0.0,0.24512245803298516,0.0009870152691995315,0.00047017589718834074,0.0370725854159144,0.7275047753977495,0.1830955974955367,0.1127610539895337,0.1104099290908175
2022-08-21,0.0,0.0,16.8,7.4,17.2,168.0523394400738,0.0345933576060941,23423.0,0.0,0.0,2.87919845729804,2.128231705849268,2.9014215940827497,0.0345933576060941,5.1242754751695685,10.06147372459291,0.0,-0.03315220731689994,0.0009860420305791706,0.0009396891174979771,0.0371805353161461,0.7250293270394664,0.1594034794227248,0.138721791651388,0.0968495036094486
2022-08-28,0.0,0.0,15.8,6.4,16.2,168.2179644400738,0.0345813947405515,23450.0,0.0,0.0,2.8213788864092133,2.0014800002101243,2.8449093838194077,0.0345813947405515,5.125260545878947,10.062625773874425,0.0,-0.05781957088882672,0.0009850707093788102,0.0011520492815151329,0.0372777453548964,0.7263354795614557,0.1472731002370123,0.1757792049201281,0.0927126114122164
2022-09-04,0.0,0.0,17.6,9.4,17.8,168.3835894400738,0.0345694401459928,23542.0,0.0,0.0,2.923161580719156,2.341805806147327,2.933856869835904,0.0345694401459928,5.126244647178881,10.066541338972426,0.0,0.10178269430994291,0.0009841012999336485,0.0039155650980013945,0.0373651098601904,0.7255967195170914,0.150845609786229,0.1939635170308679,0.1079859113432573
2022-09-11,0.0,0.0,16.0,12.4,17.4,168.03343555749802,0.0609070746857121,23620.0,0.0,0.0,2.833213344056216,2.5952547069568657,2.91235066461494,0.0609070746857121,5.124162980776756,10.069849089751353,0.0,-0.08994823666294005,-0.0020816664021250375,0.0033077507789265326,0.0374435084877667,0.725999277219461,0.1465480419857051,0.1412226113695962,0.0946786768312297
2022-09-18,0.0,5.0,20.6,12.6,18.0,167.68328167492228,0.0608700005489959,23700.0,0.0,1.791759469228055,3.0726933146901194,2.6100697927420065,2.9444389791664403,0.0608700005489959,5.122076971998671,10.073230327123223,0.0,0.23947997063390325,-0.00208600877808518,0.0033812373718706823,0.0375137804287628,0.725775508268789,0.1532264844571095,0.1053621960465684,0.0906887353897034
2022-09-25,0.0,4.8,17.4,13.0,19.0,167.33312779234654,0.0608329715189093,23820.0,0.0,1.7578579175523736,2.91235066461494,2.6390573296152584,2.995732273553991,0.0608329715189093,5.1199866026902745,10.07828084290929,0.0,-0.16034265007517945,-0.002090369308396234,0.005050515786066967,0.037576711118433,0.9844036945265932,0.1699075811938163,0.0662209152722346,0.084554699814313
2022-10-02,0.0,2.8,17.2,12.8,19.8,166.98297390977078,0.0607959875131625,23870.0,0.0,1.33500106673234,2.9014215940827497,2.624668592163159,3.0349529867072724,0.0607959875131625,5.117891854583129,10.080377719332876,0.0,-0.010929070532190277,-0.0020947481071456053,0.002096876423586025,0.0376330266097292,0.7363705459531453,0.1572714759142135,0.0594994842644981,0.0797560049023435
2022-10-09,0.0,4.4,21.4,15.4,18.8,166.21463110674048,0.0943729168401574,24120.0,0.0,1.6863989535702288,3.109060958860994,2.797281334830153,2.9856819377004897,0.0943729168401574,5.113279911679875,10.090796650841122,0.0,0.2076393647782444,-0.004611942903253841,0.010418931508246132,0.0376833924079606,0.7345327109876013,0.1456543660134608,0.0974009966606601,0.0780365214244648
2022-10-16,0.0,19.8,18.8,16.2,16.6,165.44628830371016,0.0942839383374138,24530.0,0.0,3.0349529867072724,2.9856819377004897,2.8449093838194077,2.8678989020441064,0.0942839383374138,5.108646600170435,10.107652137252536,0.0,-0.12337902116050437,-0.004633311509439686,0.016855486411413878,0.0377284149120343,0.6528143493264673,0.167288149287802,0.0592204809382491,0.0817348902166897
2022-10-23,0.0,26.4,22.8,22.0,20.8,164.67794550067987,0.0941951274615382,24830.0,0.0,3.310543013394025,3.169685580677429,3.1354942159291497,3.0819099697950434,0.0941951274615382,5.103991721117541,10.119807878502211,0.0,0.18400364297693939,-0.004654879052893968,0.01215574124967489,0.037768644294897,1.047673295059659,0.1500438970471616,0.1605254862267379,0.1303150936950572
2022-10-30,0.0,21.4,23.6,25.0,22.2,163.90960269764955,0.0941064837392202,24860.0,0.0,3.109060958860994,3.202746442938317,3.258096538021482,3.1441522786722644,0.0941064837392202,5.099315072792831,10.121015365064702,0.0,0.03306086226088789,-0.004676648324710264,0.0012074865624907005,0.0378045781251895,0.9233234115221656,0.1677783031129302,0.1403792316167692,0.11731429373203
2022-11-06,0.0,20.6,22.8,20.2,20.6,163.14125989461925,0.0940180066990592,24865.0,0.0,3.0726933146901194,3.169685580677429,3.054001181677967,3.0726933146901194,0.0940180066990592,5.094616450624391,10.12121647114884,0.0,-0.03306086226088789,-0.004698622168439748,0.00020110608413759223,0.0378366653012134,0.7110149867021112,0.1508975769178167,0.1286024260123453,0.1167738504347595
2022-11-13,0.0,12.2,17.6,14.0,18.6,162.50635222416471,0.0283344860890544,24805.0,0.0,2.580216829592325,2.923161580719156,2.70805020110221,2.975529566236472,0.0283344860890544,5.0907170916160185,10.11880052473515,0.0,-0.2465239999582729,-0.0038993590083729046,-0.0024159464136896958,0.0378653100408812,0.6783262057640829,0.1455395187739983,0.1681998172283265,0.1006492026674574
2022-11-20,0.0,9.2,16.6,12.2,14.4,161.87144455371018,0.0283264599322041,24833.0,0.0,2.322387720290225,2.8678989020441064,2.580216829592325,2.734367509419584,0.0283264599322041,5.086802468065622,10.119928692790662,0.0,-0.05526267867504986,-0.003914623550396179,0.001128168055512191,0.0378908757754251,0.6213709168825957,0.169899576402356,0.1248219426305051,0.1148301488335318
2022-11-27,0.0,10.6,14.6,12.6,16.6,161.23653688325564,0.0283184383210954,24500.0,0.0,2.451005098112319,2.747270914255491,2.6100697927420065,2.8678989020441064,0.0283184383210954,5.08287245999335,10.106428396532818,0.0,-0.12062798778861517,-0.003930008072272173,-0.013500296257843658,0.037913688860214,0.6061879664944217,0.1498058241642308,0.076236151892468,0.2234141098631782
2022-12-04,0.2,9.2,15.4,14.0,16.4,160.6016292128011,0.0283104212519313,23780.0,0.1823215567939546,2.322387720290225,2.797281334830153,2.70805020110221,2.856470206220483,0.0283104212519313,5.078926945999196,10.076600170244772,0.1823215567939546,0.05001042057466165,-0.003945513994153771,-0.029828226288046267,0.0804910072949472,0.6319188659328251,0.1634402872123001,0.0684269653046956,0.1882755953214746
2022-12-11,0.2,12.4,17.8,17.6,17.6,155.31052690365192,0.1533921708079422,23500.0,0.1823215567939546,2.5952547069568657,2.933856869835904,2.923161580719156,2.923161580719156,0.1533921708079422,5.045426512169378,10.06475570013225,0.0,0.13657553500575137,-0.03350043382981838,-0.011844470112521321,0.0714455418246762,0.6122453393976509,0.1456397167819908,0.1133620645924451,0.1599957010055889
2022-12-18,0.2,13.2,23.2,23.4,18.8,150.0194245945027,0.1531572395933933,23630.0,0.1823215567939546,2.653241964607215,3.186352633162641,3.194583132299156,2.9856819377004897,0.1531572395933933,5.01076478300889,10.070272370180954,0.0,0.2524957633267366,-0.034661729160488264,0.005516670048702821,0.0477164555633118,0.6576884054281106,0.1484630502314941,0.1679287159567196,0.1302560224825514
2022-12-25,0.2,12.0,19.2,24.0,20.6,144.72832228535353,0.1529230269066595,23600.0,0.1823215567939546,2.5649493574615367,3.005682604407159,3.218875824868201,3.0726933146901194,0.1529230269066595,4.974858345551326,10.0690019910137,0.0,-0.18067002875548166,-0.03590643745756328,-0.001270379167253921,0.0360695470597607,0.6620728973066735,0.1803708145358538,0.1208395065852218,0.1143314035328549
2023-01-01,0.2,9.2,17.8,14.8,16.4,139.43721997620435,0.1526895294564623,23475.0,0.1823215567939546,2.322387720290225,2.933856869835904,2.760009940032921,2.856470206220483,0.1526895294564623,4.93761446395195,10.063691304076464,0.0,-0.07182573457125496,-0.03724388159937675,-0.005310686937235687,0.0261752464996429,0.6256896625194772,0.1553752054492531,0.2143330291720448,0.1200405838826306
2023-01-08,0.4,2.4,13.8,8.8,16.4,143.701062633547,-0.0203549289003457,23438.0,0.3364722366212129,1.2237754316221157,2.694627180770069,2.2823823856765264,2.856470206220483,-0.0203549289003457,4.967735187863115,10.062113915818548,0.1541506798272583,-0.23922968906583542,0.030120723911164937,-0.0015773882579157572,0.0702659913045979,0.6061226237677672,0.1483921042370174,0.2685762304293462,0.135940465835688
2023-01-15,0.2,0.0,10.4,4.8,20.8,147.96490529088967,-0.0203590729751845,23440.0,0.1823215567939546,0.0,2.4336133554004498,1.7578579175523736,3.0819099697950434,-0.0203590729751845,4.996975119232294,10.06219924369095,-0.1541506798272583,-0.26101382536961903,0.029239931369179573,8.532787240156381e-05,0.1180165028225686,0.8414435964002865,0.18852854746753,0.3715233180406393,0.1361426840150686
2023-01-22,0.6,0.0,14.4,5.8,15.2,152.22874794823232,-0.0203632187377289,23440.0,0.4700036292457356,0.0,2.734367509419584,1.916922612182061,2.785011242238338,-0.0203632187377289,5.025384310299984,10.06219924369095,0.287682072451781,0.3007541540191343,0.028409191067689576,0.0,0.2010521309304127,1.173325233294214,0.2210195554826554,0.255354776519079,0.1334110341347649
2023-01-29,5.4,5.4,14.0,10.8,25.6,156.492590605575,-0.0203673661890779,23449.0,1.8562979903656265,1.8562979903656265,2.70805020110221,2.468099531471619,3.2809112157876537,-0.0203673661890779,5.053008664486105,10.062583129041906,1.3862943611198908,-0.026317308317374,0.027624354186121636,0.0003838853509563478,0.6430333984546875,0.892248386264348,0.1560276306453055,0.271997244744641,0.1758981788379995
2023-02-05,4.2,13.2,16.2,12.4,22.6,160.75643326291765,-0.0203715153301864,23560.0,1.6486586255873816,2.653241964607215,2.8449093838194077,2.5952547069568657,3.1612467120315646,-0.0203715153301864,5.079890382615026,10.067305637765523,-0.20763936477824485,0.13685918271719766,0.026881718128920262,0.004722508723617125,0.5051617922802432,1.078508559858835,0.1532138446894781,0.1863042814982913,0.233924523755524
2023-02-12,2.0,8.6,16.0,12.6,21.2,158.2558199179293,-0.0669653320474417,23680.0,1.0986122886681098,2.26176309847379,2.833213344056216,2.6100697927420065,3.100092288878234,-0.0669653320474417,5.064212837080609,10.07238608899794,-0.5500463369192718,-0.011696039763191557,-0.015677545534416915,0.005080451232416294,0.361983461392208,1.0153423165678992,0.1464159214987303,0.1151366223336984,0.1912113892175954
2023-02-19,1.6,15.2,22.6,14.6,24.0,155.75520657294095,-0.0670102056541499,23815.0,0.9555114450274363,2.785011242238338,3.1612467120315646,2.747270914255491,3.218875824868201,-0.0670102056541499,5.048285586148574,10.07807091323496,-0.14310084364067344,0.32803336797534843,-0.01592725093203473,0.005684824237020436,0.2257191569730382,0.7297391608115604,0.146955333860159,0.1091476836513781,0.1530267995276719
2023-02-26,1.2,7.2,20.8,15.2,27.2,153.2545932279526,-0.0670551394409968,23700.0,0.7884573603642702,2.1041341542702074,3.0819099697950434,2.785011242238338,3.339321977944068,-0.0670551394409968,5.032100546490836,10.073230327123223,-0.16705408466316618,-0.07933674223652121,-0.016185039657737654,-0.0048405861117366555,0.1836847969807509,0.7461638253817598,0.1943685445354743,0.0662067673249445,0.1358464030401016
2023-03-05,1.0,9.4,21.8,17.8,24.2,150.75397988296425,-0.0671001335291077,23680.0,0.6931471805599453,2.341805806147327,3.126760535960395,2.933856869835904,3.226843994517377,-0.0671001335291077,5.01564923580915,10.07238608899794,-0.09531017980432488,0.04485056616535177,-0.016451310681686593,-0.0008442381252837805,0.1308622444326437,0.654017100498742,0.1457264171127682,0.1021686204025888,0.1525786247364599
2023-03-12,1.0,11.8,28.6,20.2,26.2,149.65067605137918,0.0504672336976153,23560.0,0.6931471805599453,2.5494451709255714,3.387774361330014,3.054001181677967,3.3032169733019514,0.0504672336976153,5.008303751838649,10.067305637765523,0.0,0.26101382536961903,-0.007345483970500943,-0.005080451232416294,0.0835682385263415,0.6226668577091129,0.1489398364028023,0.1053958410762214,0.1250233355650834
2023-03-19,1.0,9.6,24.0,18.6,28.6,148.5473722197941,0.050441777128074,23490.0,0.6931471805599453,2.360854001118021,3.218875824868201,2.975529566236472,3.387774361330014,0.050441777128074,5.000903912218625,10.064330077652958,0.0,-0.1688985364618132,-0.007399839620023663,-0.0029755601125653897,0.0618884539627021,0.6914107235838195,0.202624601542383,0.0791560735052175,0.1150182673259779
2023-03-26,1.0,13.8,22.8,17.4,27.4,147.44406838820902,0.050416346227089,23470.0,0.6931471805599453,2.694627180770069,3.169685580677429,2.91235066461494,3.3463891451671604,0.050416346227089,4.993448906498298,10.063478288845069,0.0,-0.04919024419077189,-0.007455005720327534,-0.0008517888078891644,0.0471834691545863,0.6238884602907169,0.1467397635398969,0.050937574440163,0.130789515403128
2023-04-02,1.0,8.8,21.4,17.2,24.0,146.34076455662395,0.0503909409558245,23451.0,0.6931471805599453,2.2823823856765264,3.109060958860994,2.9014215940827497,3.218875824868201,0.0503909409558245,4.985937905964745,10.06266841688844,0.0,-0.06062462181643502,-0.007511000533552803,-0.0008098719566280721,0.0396998791364527,0.6870365077441929,0.1450462745512064,0.0411881150962286,0.1179075746696754
2023-04-09,1.0,10.2,23.2,17.2,24.0,145.63578568133258,0.0244680714828193,23440.0,0.6931471805599453,2.4159137783010487,3.186352633162641,2.9014215940827497,3.218875824868201,0.0244680714828193,4.981108886341821,10.06219924369095,0.0,0.07729167430164674,-0.004829019622923703,-0.0004691731974908464,0.0353420576167693,0.6229391259365663,0.1446733829708163,0.0359564105523533,0.1071596184295799
2023-04-16,1.0,10.8,26.6,20.2,24.8,144.9308068060412,0.0244620860821109,23488.0,0.6931471805599453,2.468099531471619,3.317815772723105,3.054001181677967,3.250374491927572,0.0244620860821109,4.976256434085977,10.064244931414242,0.0,0.13146313956046418,-0.004852452255843964,0.0020456877232923887,0.0332400316180751,0.6183048058328676,0.153474432600178,0.0936265932301539,0.0946866501120022
2023-04-23,0.8,12.4,27.4,20.8,24.8,144.22582793074983,0.0244561036090162,23445.0,0.5877866649021191,2.5952547069568657,3.3463891451671604,3.0819099697950434,3.250374491927572,0.0244561036090162,4.971380320675964,10.062412531523687,-0.10536051565782623,0.028573372444055334,-0.004876113410013261,-0.0018323998905547256,0.0744328776308584,0.6415151805791233,0.169206759657841,0.0727373993942266,0.0899942472630409
2023-04-30,0.8,13.6,22.2,18.0,23.2,143.52084905545846,0.0244501240613148,23445.0,0.5877866649021191,2.681021528714291,3.1441522786722644,2.9444389791664403,3.186352633162641,0.0244501240613148,4.966480314231243,10.062412531523687,0.0,-0.20223686649489592,-0.004900006444721328,0.0,0.0527356824763854,0.642715846396022,0.1566118815304814,0.0702630968287603,0.0913827172155126
2023-05-07,0.8,13.4,22.8,20.2,24.4,142.81587018016708,0.0244441474369416,23465.0,0.5877866649021191,2.667228206581955,3.169685580677429,3.054001181677967,3.2347491740244907,0.0244441474369416,4.961556179445823,10.063265228228518,0.0,0.025533302005164682,-0.004924134785419199,0.000852696704830791,0.0561754771849983,0.6593181752669629,0.1513905044554621,0.1152356060648812,0.0841766101095505
2023-05-14,0.8,9.6,24.8,15.0,21.8,142.77396950271952,0.0309367390043613,23450.0,0.5877866649021191,2.360854001118021,3.250374491927572,2.772588722239781,3.126760535960395,0.0309367390043613,4.961262746893778,10.062625773874425,0.0,0.08068891125014277,-0.00029343255204494767,-0.000639454354093516,0.0513925442118589,0.6391922532097677,0.1478007098308028,0.1766776850599341,0.0959116337656286
2023-05-21,1.0,9.0,18.4,13.6,20.4,142.73206882527197,0.0309271711461667,23470.0,0.6931471805599453,2.302585092994046,2.9652730660692823,2.681021528714291,3.0633909220278057,0.0309271711461667,4.960969228213797,10.063478288845069,0.10536051565782623,-0.28510142585828957,-0.0002935186799817302,0.0008525149706439805,0.0533889791134096,0.6094802210361704,0.1562178940127716,0.1094424517899218,0.0868651507574576
2023-05-28,0.8,6.8,18.0,12.8,20.6,142.6901681478244,0.0309176092042395,23485.0,0.5877866649021191,2.0541237336955462,2.9444389791664403,2.624668592163159,3.0726933146901194,0.0309176092042395,4.960675623355304,10.064117198461096,-0.10536051565782623,-0.020834086902842053,-0.00029360485849228013,0.0006389096160273056,0.0970856425917339,0.6042853050153849,0.1752435952165642,0.09789516974545,0.0849116938046058
2023-06-04,0.8,7.2,21.2,13.6,19.8,142.64826747037685,0.0309080531731398,23490.0,0.5877866649021191,2.1041341542702074,3.100092288878234,2.681021528714291,3.0349529867072724,0.0309080531731398,4.960381932267681,10.064330077652958,0.0,0.15565330971179359,-0.0002936910876236709,0.00021287919186185889,0.0603420214997941,0.601234054414367,0.1464608826491525,0.0784243081266316,0.079726336504568
2023-06-11,0.8,6.4,16.0,12.4,20.0,143.44043129613442,0.080946280907157,23525.0,0.5877866649021191,2.0014800002101243,2.833213344056216,2.5952547069568657,3.044522437723423,0.080946280907157,4.965919836097533,10.06581896445358,0.0,-0.2668789448220177,0.005537903829852198,0.0014888868006224243,0.0611356577387599,0.6026892307392343,0.1560491750538553,0.0969045382428972,0.0767090096926658
2023-06-18,0.8,2.0,17.0,12.0,18.6,144.23259512189202,0.0808808108987646,23515.0,0.5877866649021191,1.0986122886681098,2.8903717578961645,2.5649493574615367,2.975529566236472,0.0808808108987646,4.971427240374628,10.065393794379148,0.0,0.05715841383994835,0.005507404277095063,-0.000425170074432657,0.0525901838783461,0.6008866759095239,0.1840290273444915,0.069910177185777,0.0759958520058862
2023-06-25,0.8,2.8,16.8,10.4,20.8,145.0247589476496,0.0808154467101474,23569.0,0.5877866649021191,1.33500106673234,2.87919845729804,2.4336133554004498,3.0819099697950434,0.0808154467101474,4.97690447920732,10.067687568216389,0.0,-0.011173300598124492,0.005477238832692244,0.0022937738372412753,0.0503535382374856,0.8011308822911647,0.145295470791157,0.1110797274551624,0.0773216735920034
2023-07-02,0.6,0.0,17.0,8.8,19.6,145.81692277340716,0.0807501880849104,23710.0,0.4700036292457356,0.0,2.8903717578961645,2.2823823856765264,3.025291075795536,0.0807501880849104,4.982351881243854,10.07365217905945,-0.11778303565638348,0.011173300598124492,0.005447402036534044,0.00596461084306199,0.0946338565965277,0.6591042820047277,0.1471443790401744,0.1370896217393984,0.0927480758056836
2023-07-09,0.8,4.2,19.0,7.8,19.4,146.35775610674048,0.1877085159418534,23665.0,0.5877866649021191,1.6486586255873816,2.995732273553991,2.174751721484161,3.0155349008501706,0.1877085159418534,4.9860540087048415,10.071752442340347,0.11778303565638348,0.10536051565782634,0.0037021274609871924,-0.0018997367191033732,0.0915419961018906,1.0414858090677028,0.1458187603235385,0.150924306337996,0.0850945186122701
2023-07-16,0.6,0.0,13.6,9.0,18.2,146.8985894400738,0.1873568312144691,23647.0,0.4700036292457356,0.0,2.681021528714291,2.302585092994046,2.954910279033736,0.1873568312144691,4.98974248095588,10.070991535979658,-0.11778303565638348,-0.31471074483969996,0.0036884722510386325,-0.0007609063606892619,0.1372252071469784,0.8825633123905834,0.1471814508149872,0.1039446564078458,0.0798014671601044
2023-07-23,0.8,3.4,17.6,8.6,18.4,147.43942277340716,0.1870064618334055,23661.0,0.5877866649021191,1.4816045409242156,2.923161580719156,2.26176309847379,2.9652730660692823,0.1870064618334055,4.993417398360736,10.0715834020661,0.11778303565638348,0.24214005200486532,0.0036749174048562594,0.0005918660864416836,0.1255764078918081,1.0288629788861048,0.2093144457906794,0.132358903146694,0.0843903350381951
2023-07-30,0.6,3.2,15.8,7.2,19.0,147.98025610674048,0.18665740043311,23750.0,0.4700036292457356,1.4350845252893227,2.8213788864092133,2.1041341542702074,2.995732273553991,0.18665740043311,4.997078860180733,10.075337809462788,-0.11778303565638348,-0.10178269430994291,0.003661461819996603,0.0037544073966877534,0.1591729890284634,0.7697957872624219,0.1570848124174258,0.170447783545359,0.0821488243597913
2023-08-06,0.6,5.8,23.0,8.2,18.8,148.5210894400738,0.1863096397028751,23740.0,0.4700036292457356,1.916922612182061,3.1780538303479458,2.2192034840549946,2.9856819377004897,0.1863096397028751,5.000726964590849,10.07491666816366,0.0,0.35667494393873245,0.003648104410116204,-0.00042114129912818044,0.0973570777626441,0.6921770554492452,0.1580587833255488,0.1110725341281892,0.07797645098197
2023-08-13,0.6,0.0,21.4,8.8,19.6,148.5367144400738,0.2068235088688919,23850.0,0.4700036292457356,0.0,3.109060958860994,2.2823823856765264,3.025291075795536,0.2068235088688919,5.00083216297184,10.079539496316489,0.0,-0.06899287148695166,0.00010519838099121159,0.004622828152829328,0.0894453841082933,0.6255276133368433,0.1969438005993339,0.1022819632532327,0.0760388591723887
2023-08-20,0.8,0.0,18.0,10.4,17.8,148.5523394400738,0.2063966321121713,23900.0,0.5877866649021191,0.0,2.9444389791664403,2.4336133554004498,2.933856869835904,0.2063966321121713,5.000937350287295,10.081633737919605,0.11778303565638348,-0.16462197969455383,0.0001051873154542804,0.0020942416031157762,0.0817851104384404,1.1678472602766683,0.1457590241409453,0.0837050810331352,0.0752817183279116
2023-08-27,0.6,0.0,11.6,9.0,18.6,148.5679644400738,0.2059715138444717,24060.0,0.4700036292457356,0.0,2.533696813957432,2.302585092994046,2.975529566236472,0.2059715138444717,5.001042526539543,10.08830598952867,-0.11778303565638348,-0.4107421652090082,0.00010517625224792937,0.006672251609066038,0.1237491690735152,1.0097557786539446,0.1583785852285945,0.1455364698371346,0.0898916803697134
2023-09-03,0.6,3.0,18.8,10.2,18.8,148.5835894400738,0.2055481432222006,24060.0,0.4700036292457356,1.3862943611198906,2.9856819377004897,2.4159137783010487,2.9856819377004897,0.2055481432222006,5.0011476917309095,10.08830598952867,0.0,0.45198512374305766,0.00010516519136682945,0.0,0.0763693600231209,0.750750117715439,0.2499371402046839,0.1181514559776082,0.0847090916251765
2023-09-10,0.8,3.0,17.6,12.6,18.6,149.73343555749807,0.0441624126968465,24220.0,0.5877866649021191,1.3862943611198906,2.923161580719156,2.6100697927420065,2.975529566236472,0.0441624126968465,5.0088566169040805,10.094934017107084,0.11778303565638348,-0.06252035698133351,0.007708925173171011,0.006628027578413409,0.0647982746796575,0.7639073938352445,0.1980914865338293,0.1007022516865468,0.0805286046969889
2023-09-17,1.0,2.8,20.6,13.2,18.6,150.8832816749223,0.0441429181191832,24310.0,0.6931471805599453,1.33500106673234,3.0726933146901194,2.653241964607215,2.975529566236472,0.0441429181191832,5.016506568880072,10.098643067310167,0.10536051565782623,0.1495317339709632,0.007649951975991165,0.0037090502030832084,0.0582995668575678,0.6552508777556174,0.1497730389845398,0.0699153656562626,0.0798155654238479
2023-09-24,1.0,6.8,18.6,13.4,18.6,152.03312779234653,0.0441234407448698,24385.0,0.6931471805599453,2.0541237336955462,2.975529566236472,2.667228206581955,2.975529566236472,0.0441234407448698,5.024098443101776,10.101723468144153,0.0,-0.09716374845364761,0.0075918742217044866,0.0030804008339853084,0.0473591936757916,0.6492436013752481,0.154094657565198,0.0443499281263696,0.0794865024846575
2023-10-01,1.0,8.2,18.6,13.6,18.8,153.1829739097708,0.0441039805511467,24380.0,0.6931471805599453,2.2192034840549946,2.975529566236472,2.681021528714291,2.9856819377004897,0.0441039805511467,5.03163311477119,10.101518403035262,0.0,0.0,0.007534671669414017,-0.0002050651088900679,0.0306815341055719,0.7388990546310257,0.1498072151814883,0.0301505770133678,0.0793692207367669
2023-10-08,1.0,8.0,20.8,15.6,18.2,153.43463110674048,0.0660266511654183,24435.0,0.6931471805599453,2.19722457733622,3.0819099697950434,2.8094026953624978,2.954910279033736,0.0660266511654183,5.033274620342695,10.103771809704256,0.0,0.10638040355857159,0.0016415055715048865,0.0022534066689932075,0.0259694317009345,0.6705142474896504,0.1449625351858659,0.062267621606268,0.07791508303058
2023-10-15,1.0,7.8,21.0,15.6,18.4,153.68628830371017,0.0659830847442366,24550.0,0.6931471805599453,2.174751721484161,3.091042453358316,2.8094026953624978,2.9652730660692823,0.0659830847442366,5.034913435788911,10.108467133222666,0.0,0.009132483563272675,0.0016388154462161353,0.004695323518410177,0.0225365324200079,0.6221817019363156,0.1502318308539792,0.0480250658767132,0.0835577482224735
2023-10-22,1.2,8.6,23.0,19.4,19.4,153.9379455006799,0.0659395757780512,24604.0,0.7884573603642702,2.26176309847379,3.1780538303479458,3.0155349008501706,3.0155349008501706,0.0659395757780512,5.036549569912654,10.11066431032826,0.09531017980432488,0.08701137698962969,0.0016361341237427496,0.002197177105594861,0.0432502276328906,0.6101209725453225,0.1451849590377574,0.1203606691485007,0.0830005743225465
2023-10-29,1.2,15.4,24.4,19.4,20.8,154.18960269764958,0.0658961241533306,24570.0,0.7884573603642702,2.797281334830153,3.2347491740244907,3.0155349008501706,3.0819099697950434,0.0658961241533306,5.0381830314736025,10.109281465515226,0.0,0.05669534367654494,0.001633461560948568,-0.0013828448130350779,0.0390533799968916,0.6171585299324283,0.1526726723854984,0.0779462792644088,0.0786638543095056
2023-11-05,1.2,7.4,24.0,16.4,19.2,154.44125989461926,0.0658527297567879,24340.0,0.7884573603642702,2.128231705849268,3.218875824868201,2.856470206220483,3.005682604407159,0.0658527297567879,5.039813829188578,10.09987636654152,0.0,-0.015873349156289684,0.0016307977149754294,-0.009405098973704895,0.0242074694542491,0.7504341858917225,0.1524347224365624,0.0810791466445357,0.0843543111679432
2023-11-12,1.0,4.4,22.8,13.4,17.0,153.03135222416472,0.0595068838821877,24288.0,0.6931471805599453,1.6863989535702288,3.169685580677429,2.667228206581955,2.8903717578961645,0.0595068838821877,5.030642816897727,10.097737680195356,-0.09531017980432488,-0.04919024419077189,-0.009171012290851266,-0.00213868634616432,0.0588709972442042,0.6583299480298309,0.1464741323266061,0.1017092497451502,0.0833778517717558
2023-11-19,1.0,4.8,20.6,12.8,16.8,151.62144455371018,0.0594714942491414,24240.0,0.6931471805599453,1.7578579175523736,3.0726933146901194,2.624668592163159,2.87919845729804,0.0594714942491414,5.021386918044255,10.09575944018325,0.0,-0.0969922659873097,-0.009255898853471223,-0.0019782400121055588,0.0364143343228582,0.6813100601546951,0.1447226432482049,0.0688562445521722,0.1225648239939013
2023-11-26,1.0,4.0,20.8,13.6,18.0,150.21153688325563,0.0594361466845771,24250.0,0.6931471805599453,1.6094379124341005,3.0819099697950434,2.681021528714291,2.9444389791664403,0.0594361466845771,5.012044546521802,10.096171896365629,0.0,0.009216655104923976,-0.009342371522452986,0.00041245618237795156,0.0393968747723911,0.6220111857620325,0.1469495758355107,0.0522109923607034,0.1311280858700425
2023-12-03,1.4,5.8,20.0,14.0,16.4,148.8016292128011,0.0594008411135327,24275.0,0.8754687373538999,1.916922612182061,3.044522437723423,2.70805020110221,2.856470206220483,0.0594008411135327,5.002614071349812,10.097202293159526,0.18232155679395456,-0.03738753207162038,-0.009430475171990693,0.0010303967938973813,0.0848191883075461,0.611252533885192,0.1448955555260714,0.03289168873463,0.1122796148792207
2023-12-10,1.2,12.0,22.6,16.6,17.6,152.46874736548173,0.0807295895221438,24245.0,0.7884573603642702,2.5649493574615367,3.1612467120315646,2.8678989020441064,2.923161580719156,0.0807295895221438,5.02695963973704,10.095965689539453,-0.08701137698962969,0.11672427430814158,0.024345568387228234,-0.0012366036200734953,0.1078484059781721,0.6192840112526445,0.1451658623561502,0.0786722402012509,0.1210187555531375
2023-12-17,1.2,7.4,19.6,18.0,17.6,156.13586551816238,0.0806644694270941,24320.0,0.7884573603642702,2.128231705849268,3.025291075795536,2.9444389791664403,2.923161580719156,0.0806644694270941,5.050726561016355,10.099054336080105,0.0,-0.1359556362360288,0.023766921279315234,0.003088646540652107,0.075014453096724,0.7692660213696257,0.1540845736866035,0.068080493251065,0.1045310534202549
2023-12-24,1.0,6.8,21.6,18.4,17.4,159.80298367084305,0.0805994543049193,24235.0,0.6931471805599453,2.0541237336955462,3.1179499062782403,2.9652730660692823,2.91235066461494,0.0805994543049193,5.07394170443974,10.095553148279476,-0.09531017980432488,0.09265883048270451,0.02321514342338471,-0.003501187800628358,0.0989481437065526,0.6489026090922849,0.1519731049072624,0.0613232857003954,0.0938639391279217
2023-12-31,1.0,0.0,21.2,13.6,16.8,163.4701018235237,0.0805345439019999,24360.0,0.6931471805599453,0.0,3.100092288878234,2.681021528714291,2.87919845729804,0.0805345439019999,5.096630110151059,10.100697721823831,0.0,-0.017857617400006465,0.02268840571131925,0.005144573544354714,0.0622785771963865,0.6133196476760707,0.149776167629426,0.1359848287613251,0.0893577143973524
2024-01-07,1.0,3.8,16.2,10.4,15.8,167.13721997620434,0.0804697379655605,24475.0,0.6931471805599453,1.5686159179138452,2.8449093838194077,2.4336133554004498,2.8213788864092133,0.0804697379655605,5.118815151529639,10.105407467398711,0.0,-0.2551829050588261,0.022185041378580017,0.004709745574880131,0.0590386769616048,1.3235594732705898,0.1447154920472542,0.1532704995089885,0.095286687430285
2024-01-14,1.0,2.6,14.0,10.6,16.8,164.39202329788267,0.1270736955468532,24545.0,0.6931471805599453,1.2809338454620642,2.70805020110221,2.451005098112319,2.87919845729804,0.1270736955468532,5.102253961359071,10.108263446492153,0.0,-0.13685918271719766,-0.01656119017056845,0.0028559790934412632,0.0499126858622589,0.9252471164140966,0.1826230774456831,0.0940377874017299,0.11656817114744
2024-01-21,1.0,5.6,16.6,11.8,16.0,161.646826619561,0.126912423240566,24605.0,0.6931471805599453,1.88706964903238,2.8678989020441064,2.5494451709255714,2.833213344056216,0.126912423240566,5.08541387279756,10.11070495330008,0.0,0.1598487009418963,-0.016840088561510314,0.0024415068079282065,0.0469303346632753,0.6995935165740044,0.1740280087630808,0.0635471447949329,0.1052020834350059
2024-01-28,0.8,0.0,16.0,9.4,19.6,158.90162994123932,0.1267515597645596,24400.0,0.5877866649021191,0.0,2.833213344056216,2.341805806147327,3.025291075795536,0.1267515597645596,5.068285331144179,10.102338411281291,-0.10536051565782623,-0.03468555798789019,-0.01712854165338129,-0.008366542018789502,0.0861978660607495,0.6321952429593743,0.1465324771127335,0.1462439262520675,0.1109215558925775
2024-02-04,0.6,0.0,10.8,4.2,15.0,156.15643326291766,0.1265911035662537,24400.0,0.4700036292457356,0.0,2.468099531471619,1.6486586255873816,2.772588722239781,0.1265911035662537,5.050858282130615,10.102338411281291,-0.11778303565638348,-0.36511381258459696,-0.0174270490135644,0.0,0.1103903855744216,1.145814300131575,0.1514085446217027,0.3707091772268967,0.1127372489125346
2024-02-11,1.0,0.0,10.8,6.0,18.0,157.33081991792932,-0.0685265969715742,24450.0,0.6931471805599453,0.0,2.468099531471619,1.9459101490553128,2.9444389791664403,-0.0685265969715742,5.058350721691936,10.10438549490302,0.2231435513142097,0.0,0.007492439561321618,0.0020470836217292288,0.1331153718944615,1.006541953557794,0.2491941040284473,0.3246361988337764,0.1554855800949502
2024-02-18,1.8,9.0,17.6,12.2,24.0,158.50520657294095,-0.0685735881179483,24590.0,1.029619417181158,2.302585092994046,2.923161580719156,2.580216829592325,3.218875824868201,-0.0685735881179483,5.065787441818454,10.11009513521024,0.3364722366212126,0.455062049247537,0.0074367201265177485,0.0057096403072200985,0.1713769050422281,0.7489585252199987,0.1717057020582147,0.324776465380732,0.1270644101583923
2024-02-25,2.2,0.0,18.8,14.8,24.8,159.6795932279526,-0.0686206437555569,24640.0,1.1631508098056809,0.0,2.9856819377004897,2.760009940032921,3.250374491927572,-0.0686206437555569,5.073169265139772,10.112126417647456,0.13353139262452296,0.06252035698133351,0.007381823321318315,0.002031282437215509,0.1390883854684507,1.1717721898700233,0.1893490835919726,0.2007422185311463,0.1848135518757085
2024-03-03,2.4,10.4,21.0,16.0,21.2,160.85397988296427,-0.0686677640172717,24680.0,1.2237754316221157,2.4336133554004498,3.091042453358316,2.833213344056216,3.100092288878234,-0.0686677640172717,5.08049699620122,10.113748478019325,0.0606246218164348,0.10536051565782634,0.007327731061447906,0.0016220603718686277,0.1210291366846399,1.2891634321913192,0.1456826248853857,0.1475890072753225,0.1856352145395994
2024-03-10,2.6,13.2,23.6,19.8,24.2,160.8113368176962,0.1194235344000427,24690.0,1.2809338454620642,2.653241964607215,3.202746442938317,3.0349529867072724,3.226843994517377,0.1194235344000427,5.080231856857288,10.114153582339226,0.057158413839948574,0.11170398958000094,-0.00026513934393257443,0.00040510431990092854,0.1094882044305044,1.1182578359871231,0.149965775566205,0.1672624709437159,0.1507400679081431
2024-03-17,2.6,2.4,27.0,20.0,28.4,160.7686937524281,0.1192810847128189,24785.0,1.2809338454620642,1.2237754316221157,3.332204510175204,3.044522437723423,3.380994674344636,0.1192810847128189,5.07996664719584,10.117993910454674,0.0,0.1294580672368868,-0.00026520966144794045,0.0038403281154479885,0.080640511944113,1.068674978908781,0.1560931616738985,0.1051522706519764,0.1309344694761093
2024-03-24,2.8,5.8,21.6,15.8,24.4,160.7260506871601,0.1191389744517712,24790.0,1.33500106673234,1.916922612182061,3.1179499062782403,2.8213788864092133,3.2347491740244907,0.1191389744517712,5.079701367179568,10.118195625029236,0.054067221270275745,-0.2142546038969635,-0.00026528001627212916,0.00020171457456186204,0.0877079659561944,1.1998002619372954,0.1671890255063094,0.1237321904374521,0.1575742750836331
2024-03-31,2.8,8.8,22.0,15.0,21.8,160.68340762189203,0.1189972024052243,24935.0,1.33500106673234,2.2823823856765264,3.1354942159291497,2.772588722239781,3.126760535960395,0.1189972024052243,5.079436016771135,10.124027717980224,0.0,0.017544309650909362,-0.0002653504084326741,0.005832092950988965,0.0621201852873271,0.850182332994191,0.155435862708099,0.0830985810972312,0.1290826511541178
2024-04-07,2.8,10.6,21.4,16.8,23.4,160.64076455662396,0.1188557673671431,24980.0,1.33500106673234,2.451005098112319,3.109060958860994,2.87919845729804,3.194583132299156,0.1188557673671431,5.079170595933173,10.125830783679568,0.0,-0.02643325706815558,-0.0002654208379615497,0.0018030656993435201,0.052953264727211,0.7528279701428989,0.1458884509243307,0.0906332031887076,0.1319506390144978
2024-04-14,2.6,7.0,22.0,17.0,22.8,160.85954096250975,0.039268773461254,25400.0,1.2809338454620642,2.079441541679836,3.1354942159291497,2.8903717578961645,3.169685580677429,0.039268773461254,5.080531567825885,10.142504453006628,-0.054067221270275745,0.02643325706815558,0.0013609718927112269,0.01667366932706038,0.0443963435619935,0.6731179313635413,0.1446561974920915,0.0568597534257258,0.1110357946431114
2024-04-21,2.6,9.8,24.2,19.2,27.0,161.07831736839552,0.0392533591485833,25350.0,1.2809338454620642,2.379546134130174,3.226843994517377,3.005682604407159,3.332204510175204,0.0392533591485833,5.081890689991244,10.14053400901933,0.0,0.09134977858822735,0.0013591221653594943,-0.001970443987298509,0.0365860340674352,0.6221443789885486,0.146028816622527,0.0932390124324142,0.097258796406111
2024-04-28,2.2,8.2,19.6,17.4,26.0,161.29709377428128,0.0392379569324363,25390.0,1.1631508098056809,2.2192034840549946,3.025291075795536,2.91235066461494,3.295836866004329,0.0392379569324363,5.083247967450441,10.142110674698724,-0.11778303565638337,-0.20155291872184122,0.0013572774591965597,0.0015766656793942957,0.0703694145110074,0.6377343124448909,0.154390200995656,0.0883770627922053,0.1323362264257962
2024-05-05,2.8,6.6,25.2,22.2,27.4,161.51587018016707,0.0392225667985579,25440.0,1.33500106673234,2.028148247292285,3.265759410767051,3.1441522786722644,3.3463891451671604,0.0392225667985579,5.084603405204245,10.144078017454058,0.17185025692665912,0.24046833497151532,0.0013554377538040896,0.001967342755333945,0.1164433441125296,0.6153092466173953,0.1599117779917182,0.1736693049026549,0.127354879816137
2024-05-12,3.4,6.8,21.6,17.2,25.4,162.12396950271952,0.0068985327922765,25431.0,1.4816045409242156,2.0541237336955462,3.1179499062782403,2.9014215940827497,3.2733640101522705,0.0068985327922765,5.088361286426551,10.143724181276514,0.14660347419187558,-0.1478095044888108,0.0037578812223060254,-0.0003538361775436982,0.1055179972823788,0.6076537079379511,0.1791607008557572,0.2037796390691604,0.1385324407608425
2024-05-19,3.6,6.2,18.6,14.2,21.4,162.73206882527197,0.0068980569275511,25469.0,1.5260563034950492,1.9740810260220096,2.975529566236472,2.7212954278522306,3.109060958860994,0.0068980569275511,5.092105098830031,10.145217305326018,0.04445176257083361,-0.1424203400417685,0.00374381240348054,0.0014931240495030806,0.0850873458977582,0.6065682256330842,0.1499401553120797,0.1433728606802119,0.1196155453194553
2024-05-26,3.0,3.4,21.0,13.4,20.8,163.3401681478244,0.0068975811284621,25450.0,1.3862943611198906,1.4816045409242156,3.091042453358316,2.667228206581955,3.0819099697950434,0.0068975811284621,5.095834947364058,10.144471021978667,-0.1397619423751586,0.11551288712184427,0.003729848534026914,-0.0007462833473503849,0.0972870202579378,0.6011502227775926,0.1559623151554078,0.1041998045317998,0.1189583922904368
2024-06-02,3.2,2.6,18.4,12.2,20.8,163.94826747037686,0.0068971053950317,25420.0,1.4350845252893227,1.2809338454620642,2.9652730660692823,2.580216829592325,3.0819099697950434,0.0068971053950317,5.099550935808026,10.143291544743445,0.04879016416943216,-0.12576938728903375,0.0037159884439681434,-0.0011794772352224925,0.0939444354284567,0.6564799578265327,0.1499985392855935,0.1006991601789389,0.1110055753013496
2024-06-09,3.0,3.2,22.6,13.4,20.8,164.08199853098293,0.0700309641018082,25435.0,1.3862943611198906,1.4350845252893227,3.1612467120315646,2.667228206581955,3.0819099697950434,0.0700309641018082,5.100366293912905,10.143881457256866,-0.04879016416943216,0.19597364596228228,0.0008153581048784275,0.0005899125134209982,0.0872899331457142,0.6542735715394262,0.1547702364696624,0.089769346749351,0.0974888725622825
2024-06-16,2.8,3.4,19.0,11.0,17.6,164.215729591589,0.0699819550639802,25450.0,1.33500106673234,1.4816045409242156,2.995732273553991,2.4849066497880004,2.923161580719156,0.0699819550639802,5.101180987750523,10.144471021978667,-0.05129329438755059,-0.16551443847757374,0.0008146938376185631,0.0005895647218014943,0.0671687488458372,0.6134951473535606,0.1628489010227442,0.1472866043712826,0.087879195834606
2024-06-23,3.0,0.0,16.8,10.2,19.4,164.34946065219503,0.0699330145731647,25455.0,1.3862943611198906,0.0,2.87919845729804,2.4159137783010487,3.0155349008501706,0.0699330145731647,5.1019950184023495,10.144667466336436,0.05129329438755059,-0.11653381625595083,0.0008140306518260587,0.00019644435776910996,0.053494677499115,0.6032185376064505,0.157909488315772,0.1116930375766322,0.109792416344306
2024-06-30,3.0,0.0,16.6,8.6,18.2,164.4831917128011,0.06988414248561,25450.0,1.3862943611198906,0.0,2.8678989020441064,2.26176309847379,2.954910279033736,0.06988414248561,5.102808386947212,10.144471021978667,0.0,-0.011299555253933669,0.0008133685448621364,-0.00019644435776910996,0.0453213323533909,1.1437111316913933,0.159059291924705,0.1570188637509472,0.0968510544663232
2024-07-07,3.0,0.0,19.2,8.8,18.4,164.61692277340717,0.0698353386580308,25420.0,1.3862943611198906,0.0,3.005682604407159,2.2823823856765264,2.9652730660692823,0.0698353386580308,5.10362109446131,10.143291544743445,0.0,0.13778370236305282,0.0008127075140986761,-0.0011794772352224925,0.0319615623022638,0.9244622659989216,0.1490162809230924,0.1067353491273451,0.0882907982440349
2024-07-14,2.8,3.2,17.4,10.4,17.8,164.39296444007385,0.0146086191304961,25310.0,1.33500106673234,1.4350845252893227,2.91235066461494,2.4336133554004498,2.933856869835904,0.0146086191304961,5.102259686329652,10.13895485353917,-0.05129329438755059,-0.09333193979221921,-0.0013614081316584148,-0.004336691204274601,0.0488334070465244,0.7458244370660225,0.148257938094955,0.078049937754744,0.0818197736468842
2024-07-21,3.0,3.0,15.6,9.8,18.2,164.16900610674048,0.0146064853246752,25285.0,1.3862943611198906,1.3862943611198906,2.8094026953624978,2.379546134130174,2.954910279033736,0.0146064853246752,5.100896422238887,10.137966613514084,0.05129329438755059,-0.1029479692524422,-0.0013632640907648153,-0.0009882400250855738,0.0434529432034418,0.8032205850671292,0.1542588996478782,0.1083590277892922,0.0788396655072033
2024-07-28,2.8,2.6,19.8,8.8,20.0,163.94504777340714,0.0146043521421113,25215.0,1.33500106673234,1.2809338454620642,3.0349529867072724,2.2823823856765264,3.044522437723423,0.0146043521421113,5.099531297121782,10.135194334510826,-0.05129329438755059,0.22555029134477467,-0.0013651251171049594,-0.002772279003258049,0.0642424237557892,0.6613184995254775,0.1618524851880119,0.1223402555102398,0.0760508202575493
2024-08-04,3.0,0.0,19.6,9.2,19.0,163.7210894400738,0.0146022195825601,25135.0,1.3862943611198906,0.0,3.025291075795536,2.322387720290225,2.995732273553991,0.0146022195825601,5.098164305890322,10.132016576126675,0.05129329438755059,-0.009661910911736626,-0.001366991231460446,-0.0031777583841510193,0.054553423753525,0.6608312297282031,0.1583419689002921,0.0877457850173706,0.09119906655138
2024-08-11,3.4,0.0,18.0,10.0,19.2,163.1867144400738,0.0092183563361381,25035.0,1.4816045409242156,0.0,2.9444389791664403,2.3978952727983707,3.005682604407159,0.0092183563361381,5.094895032599114,10.128030124764043,0.09531017980432499,-0.08085209662909554,-0.0032692732912078526,-0.003986451362631982,0.0513428174502308,1.043115493876516,0.1451925428472295,0.0640037271767826,0.0836498512993986
2024-08-18,3.8,3.0,17.4,11.0,17.4,162.6523394400738,0.0092175066335409,24960.0,1.5686159179138452,1.3862943611198906,2.91235066461494,2.4849066497880004,2.91235066461494,0.0092175066335409,5.091615036093351,10.125029822483365,0.08701137698962969,-0.0320883145515003,-0.0032799965057623837,-0.0030003022806788238,0.0543510103014455,0.8972286031581599,0.1514313868496206,0.0386305565082139,0.0788926011188845
2024-08-25,3.6,0.0,17.6,10.6,20.2,162.11796444007382,0.0092166570875518,24870.0,1.5260563034950492,0.0,2.923161580719156,2.451005098112319,3.054001181677967,0.0092166570875518,5.088324245797208,10.12141753679745,-0.04255961441879608,0.01081091610421625,-0.003290790296142987,-0.0036122856859144292,0.0553861173650518,0.905214977189994,0.1488549860878295,0.0662023306313232,0.0992673992045254
2024-09-01,3.2,0.0,12.6,10.2,17.4,161.5835894400738,0.0092158076981707,24730.0,1.4350845252893227,0.0,2.6100697927420065,2.4159137783010487,2.91235066461494,0.0092158076981707,5.085022590435802,10.115772360515464,-0.09097177820572644,-0.31309178797714976,-0.0033016553614064748,-0.005645176281985798,0.0652224672698946,1.0826440474354029,0.1460585267175249,0.0712574143614008,0.0936478560652894
2024-09-08,5.0,8.4,16.8,15.2,19.8,161.8234663340132,0.085258969453883,24575.0,1.791759469228055,2.2407096892759584,2.87919845729804,2.785011242238338,3.0349529867072724,0.085258969453883,5.086506027074835,10.109484945015367,0.3566749439387322,0.26912866455603357,0.0014834366390328313,-0.006287415500096927,0.1782254079712143,0.9315187489077896,0.2218290066274635,0.1650101713173718,0.1104205546513424
2024-09-15,5.8,7.2,22.2,16.2,18.8,162.0633432279526,0.0851863404578878,24565.0,1.916922612182061,2.1041341542702074,3.1441522786722644,2.8449093838194077,2.9856819377004897,0.0851863404578878,5.087987266388796,10.109077944602747,0.1251631429540061,0.2649538213742244,0.001481239313961602,-0.0004070004126202065,0.1266878645263927,1.3369201264623316,0.1553324655846119,0.1164429835600637,0.097130466557044
2024-09-22,6.2,2.6,23.4,15.6,20.2,162.303220121892,0.0851138350965285,24615.0,1.9740810260220096,1.2809338454620642,3.194583132299156,2.8094026953624978,3.054001181677967,0.0851138350965285,5.089466314877588,10.111111292192302,0.057158413839948574,0.05043085362689137,0.0014790484887914346,0.002033347589554424,0.1215127125933091,0.8674124757282436,0.1720540470926986,0.0709851325238105,0.0910552696823272
2024-09-29,6.2,10.0,22.0,16.6,19.6,162.5430970158314,0.0850414530544352,24745.0,1.9740810260220096,2.3978952727983707,3.1354942159291497,2.8678989020441064,3.025291075795536,0.0850414530544352,5.090943179012315,10.116378727385989,0.0,-0.05908891637000613,0.0014768641347275846,0.00526743519368722,0.0864238982524387,0.8703675710350732,0.1490622506797645,0.070837076950673,0.0848503778461563
2024-10-06,6.2,6.4,20.8,17.2,18.8,162.7829739097708,0.0849691940171926,24830.0,1.9740810260220096,2.0014800002101243,3.0819099697950434,2.9014215940827497,2.9856819377004897,0.0849691940171926,5.092417865235455,10.119807878502211,0.0,-0.053584246134106284,0.0014746862231396207,0.0034291511162223287,0.0716690832655057,0.885744263515008,0.1449665801098662,0.0572292327734446,0.0806436026074252
2024-10-13,6.8,8.6,25.4,19.0,19.8,163.5475454059829,0.0516839560537274,25180.0,2.0541237336955462,2.26176309847379,3.2733640101522705,2.995732273553991,3.0349529867072724,0.0516839560537274,5.097103745653993,10.13380530759834,0.0800427076735366,0.19145404035722713,0.004685880418538346,0.01399742909612911,0.087498579179861,0.682613314659374,0.1454870221274093,0.081827780879031,0.0863959402328102
2024-10-20,7.0,11.6,28.2,24.2,19.8,164.31211690219504,0.0516572575394613,25385.0,2.079441541679836,2.533696813957432,3.374168709274236,3.226843994517377,3.0349529867072724,0.0516572575394613,5.101767770967839,10.141913727381494,0.025317807984289953,0.10080469912196532,0.004664025313845244,0.00810841978315402,0.0698945983575081,0.6289280865110081,0.1699968601960144,0.149569390697784,0.0806905306925944
2024-10-27,7.6,19.8,26.4,27.8,22.8,165.07668839840716,0.0516305865943644,25270.0,2.151762203259462,3.0349529867072724,3.310543013394025,3.3603753871419,3.169685580677429,0.0516305865943644,5.1064101440968255,10.13737320038224,0.07232066157962569,-0.06362569588021083,0.004642373128986854,-0.004540526999253558,0.0860004725054743,0.7061810071453911,0.1639968150462733,0.1567602433065382,0.0774438854957836
2024-11-03,7.6,13.0,29.0,24.8,21.2,165.84125989461927,0.0516039431758041,25350.0,2.151762203259462,2.6390573296152584,3.4011973816621555,3.250374491927572,3.100092288878234,0.0516039431758041,5.1110310651477455,10.14053400901933,0.0,0.09065436826813045,0.004620921050920046,0.0031608086370891186,0.0597814227826712,0.7708727563110465,0.1457535301462394,0.0981471489109646,0.1031418225901779
2024-11-10,7.4,4.8,25.8,19.8,18.6,166.83135222416473,0.1013575646164888,25390.0,2.128231705849268,1.7578579175523736,3.288401887516811,3.0349529867072724,2.975529566236472,0.1013575646164888,5.1169834352364285,10.142110674698724,-0.023530497410193973,-0.1127954941453444,0.00595237008868299,0.0015766656793942957,0.0430272450495958,0.6513381581354616,0.1637614908890052,0.0912695211734447,0.0914090589912587
2024-11-17,7.4,8.6,25.4,15.8,17.6,167.8214445537102,0.1012549350802194,25415.0,2.128231705849268,2.26176309847379,3.2733640101522705,2.8213788864092133,2.923161580719156,0.1012549350802194,5.122900584161463,10.143094829881004,0.0,-0.015037877364540542,0.005917148925034255,0.000984155182280233,0.0358718412566317,0.7553700328015583,0.1449625873359477,0.0992030658770313,0.1119426522412763
2024-11-24,7.8,6.4,25.8,17.8,19.8,168.81153688325563,0.1011525131686896,25358.0,2.174751721484161,2.0014800002101243,3.288401887516811,2.933856869835904,3.0349529867072724,0.1011525131686896,5.128782926291128,10.140849541087894,0.04652001563489305,0.015037877364540542,0.005882342129665652,-0.002245288793110589,0.0454401345404894,0.6939067217490492,0.1465451840777751,0.1270523588607033,0.1302309949484513
2024-12-01,7.6,10.2,22.2,17.4,19.0,169.8016292128011,0.1010502982524474,25393.0,2.151762203259462,2.4159137783010487,3.1441522786722644,2.91235066461494,2.995732273553991,0.1010502982524474,5.134630868724038,10.142228824473392,-0.02298951822469908,-0.14424960884454663,0.0058479424329096474,0.0013792833854981978,0.0346838795327334,0.6246910723855913,0.1487826009797536,0.0906292159030923,0.1095204235055929
2024-12-08,8.6,3.4,26.0,20.6,19.4,169.14874736548174,0.2145253952384518,25394.0,2.26176309847379,1.4816045409242156,3.295836866004329,3.0726933146901194,3.0155349008501706,0.2145253952384518,5.1307784897336255,10.142268204629737,0.11000089521432832,0.1516845873320647,-0.003852378990412575,3.938015634474823e-05,0.0723830968865454,0.64999665022287,0.1493549949833049,0.1399394322700449,0.0973945091159007
2024-12-15,8.0,13.4,21.0,22.4,19.0,168.4958655181624,0.2140661689434608,25450.0,2.19722457733622,2.667228206581955,3.091042453358316,3.152736022363656,2.995732273553991,0.2140661689434608,5.1269112125071805,10.144471021978667,-0.06453852113757019,-0.20479441264601306,-0.003867277226444976,0.0022028173489303526,0.0748591609299434,0.7107436519909964,0.1641003120058241,0.1185067964620248,0.0875567721889643
2024-12-22,7.6,10.4,24.2,25.0,21.6,167.84298367084304,0.2136089045449818,25425.0,2.151762203259462,2.4336133554004498,3.226843994517377,3.258096538021482,3.1179499062782403,0.2136089045449818,5.123028921365832,10.14348822091676,-0.04546237407675813,0.13580154115906096,-0.003882291141348304,-0.0009828010619070682,0.048380542203022,0.8263943047041323,0.1586169853127242,0.1426968774975857,0.0825449768715073
2024-12-29,6.4,7.0,25.8,20.8,21.6,167.1901018235237,0.2131535894974501,25450.0,2.0014800002101243,2.079441541679836,3.288401887516811,3.0819099697950434,3.1179499062782403,0.2131535894974501,5.119131499278161,10.144471021978667,-0.1502822030493376,0.06155789299943404,-0.0038974220876708543,0.0009828010619070682,0.0922192728473476,0.706744540920914,0.1572598432836497,0.1287470176395286,0.0989187155839706
2025-01-05,6.2,7.0,16.4,17.2,19.0,166.53721997620434,0.2127002113620602,25375.0,1.9740810260220096,2.079441541679836,2.856470206220483,2.9014215940827497,2.995732273553991,0.2127002113620602,5.115218827839022,10.141519716344089,-0.027398974188114655,-0.43193168129632786,-0.003912671439139537,-0.0029513056345784605,0.0647574548536751,0.6643168875300741,0.1524506004400826,0.0995718418513069,0.0974124617047724
2025-01-12,5.8,4.6,19.0,12.8,19.4,169.79202329788268,-0.043160631651351,25370.0,1.916922612182061,1.7227665977411035,2.995732273553991,2.624668592163159,3.0155349008501706,-0.043160631651351,5.13457429572952,10.141322652593328,-0.057158413839948574,0.13926206733350766,0.019355467890497913,-0.00019706375076111726,0.0829547732919581,0.625004708063699,0.2244989025507695,0.1473305180908827,0.0996493051628562
2025-01-19,4.4,0.0,11.6,8.0,22.6,173.046826619561,-0.0431792680961828,25080.0,1.6863989535702288,0.0,2.533696813957432,2.19722457733622,3.1612467120315646,-0.0431792680961828,5.153562231973662,10.129825994746858,-0.23052365861183222,-0.4620354595965588,0.018987936244141856,-0.011496657846469915,0.1559112400507962,0.6306119819096978,0.1482729067259977,0.2422867705994995,0.0928025405972216
2025-01-26,3.4,0.0,10.0,4.8,10.6,176.3016299412393,-0.0431979206421573,25060.0,1.4816045409242156,0.0,2.3978952727983707,1.7578579175523736,2.451005098112319,-0.0431979206421573,5.172196334631872,10.12902822845006,-0.20479441264601328,-0.1358015411590614,0.018634102658210416,-0.0007977662967970645,0.1895282080947361,1.253816110209633,0.2724963981816108,0.3257630587838851,0.1068582255267252
2025-02-02,5.8,6.8,13.8,11.2,24.8,179.55643326291764,-0.0432165893101244,25260.0,1.916922612182061,2.0541237336955462,2.694627180770069,2.501435951739211,3.250374491927572,-0.0432165893101244,5.1904895499545685,10.136977395904482,0.4353180712578455,0.29673190797169813,0.018293215322696454,0.007949167454421868,0.252021842200574,0.9662017808365512,0.2109013253902495,0.4509010204011741,0.3886005765440474
2025-02-09,7.6,15.2,17.6,15.0,26.2,179.03081991792928,-0.0158703768096901,25440.0,2.151762203259462,2.785011242238338,2.923161580719156,2.772588722239781,3.3032169733019514,-0.0158703768096901,5.187557969332224,10.144078017454058,0.23483959107740082,0.22853439994908742,-0.002931580622344221,0.007100621549575692,0.1734611291401322,1.232015410217417,0.1484807088368272,0.2817222386135162,0.3614834457647823
2025-02-16,8.4,19.2,19.6,15.2,23.2,178.50520657294095,-0.0158728958980614,25500.0,2.2407096892759584,3.005682604407159,3.025291075795536,2.785011242238338,3.186352633162641,-0.0158728958980614,5.184617769270162,10.146433731146518,0.08894748601649649,0.10212949507637958,-0.0029402000620626367,0.00235571369245946,0.1357768830158605,1.052624565799736,0.150983229899741,0.1793524237221191,0.3313631577957921
2025-02-23,8.8,12.0,17.0,15.8,25.0,177.9795932279526,-0.0158754157862928,25520.0,2.2823823856765264,2.5649493574615367,2.8903717578961645,2.8213788864092133,3.258096538021482,-0.0158754157862928,5.181668898933086,10.147217737458726,0.04167269640056803,-0.13491931789937128,-0.002948870337075249,0.0007840063122088736,0.0973339684974505,0.810448236710258,0.1461065232887062,0.1210885567122008,0.2618269766669941
2025-03-02,9.0,9.2,20.2,17.8,25.2,177.45397988296423,-0.0158779364747285,25485.0,2.302585092994046,2.322387720290225,3.054001181677967,2.933856869835904,3.265759410767051,-0.0158779364747285,5.1787113070346535,10.145845322774145,0.020202707317519497,0.16362942378180234,-0.00295759189843281,-0.0013724146845817131,0.0724740631715631,0.658665216714411,0.1624708377855628,0.1193180087319067,0.2174748625394463
2025-03-09,9.4,7.6,23.6,20.6,26.4,177.59133681769617,0.1152802056657575,25490.0,2.341805806147327,2.151762203259462,3.202746442938317,3.0726933146901194,3.310543013394025,0.1152802056657575,5.179485050188688,10.14604149737016,0.03922071315328113,0.14874526126035015,0.0007737431540348894,0.000196174596014842,0.0643790275057037,0.616534109247142,0.1512300407519076,0.1288471008486671,0.1794527475752782
2025-03-16,10.0,10.4,23.6,21.2,29.8,177.72869375242811,0.1151474634330851,25545.0,2.3978952727983707,2.4336133554004498,3.202746442938317,3.100092288878234,3.427514689979529,0.1151474634330851,5.18025819512709,10.148196881764898,0.05608946665104364,0.0,0.0007731449384014155,0.002155384394738391,0.0644365825744893,0.6039132486794503,0.1573212951689879,0.1009912537908085,0.1562574707552527
2025-03-23,12.0,10.8,21.4,18.6,29.0,177.86605068716008,0.1150150265474492,25560.0,2.5649493574615367,2.468099531471619,3.109060958860994,2.975529566236472,3.4011973816621555,0.1150150265474492,5.181030742774159,10.14878390849147,0.16705408466316607,-0.09368548407732291,0.0007725476470694659,0.0005870267265724038,0.1094307138397687,0.6438294173614042,0.1456553184550277,0.0826771938994469,0.1700093586044437
2025-03-30,13.2,9.6,21.0,15.4,25.2,178.00340762189202,0.1148828939564694,25600.0,2.653241964607215,2.360854001118021,3.091042453358316,2.797281334830153,3.265759410767051,0.1148828939564694,5.181802694052056,10.150347630467651,0.08829260714567821,-0.01801850550267803,0.0007719512778967541,0.0015637219761810428,0.1020054055073066,0.6431164606259171,0.1473419017737476,0.0899695273082414,0.1531990428110952
2025-04-06,13.6,7.8,22.2,15.2,21.2,178.14076455662396,0.1147510646126059,25720.0,2.681021528714291,2.174751721484161,3.1441522786722644,2.785011242238338,3.100092288878234,0.1147510646126059,5.182574049880805,10.155024178351557,0.027779564107075938,0.05310982531394837,0.0007713558287489874,0.004676547883905258,0.090173740809313,0.6133747207601384,0.1448811195968489,0.0675720030601812,0.1280738116555928
2025-04-13,13.4,12.4,20.2,17.2,22.4,178.88454096250973,0.0666703164091897,25830.0,2.667228206581955,2.5952547069568657,3.054001181677967,2.9014215940827497,3.152736022363656,0.0666703164091897,5.186740575168397,10.159291886089886,-0.013793322132336083,-0.09015109699429757,0.00416652528759176,0.004267707738328852,0.0664077357166383,0.6028407916303186,0.1463444329952603,0.0848589059545108,0.1514629496743008
2025-04-20,12.0,10.0,21.8,18.2,23.6,179.62831736839553,0.0666258967130684,26026.0,2.5649493574615367,2.3978952727983707,3.126760535960395,2.954910279033736,3.202746442938317,0.0666258967130684,5.190889812528697,10.166851317336702,-0.10227884912041807,0.0727593542824283,0.004149237360300262,0.0075594312468165725,0.0635854655722571,0.6832882616560836,0.1490828276414269,0.0714171853416962,0.1274973079051025
2025-04-27,9.0,8.0,14.0,15.2,18.4,180.3720937742813,0.0665815361675425,25980.0,2.302585092994046,2.19722457733622,2.70805020110221,2.785011242238338,2.9652730660692823,0.0665815361675425,5.195021904832736,10.165082290224593,-0.26236426446749084,-0.4187103348581851,0.004132092304039325,-0.001769027112109356,0.1279258967622933,0.6298757616404432,0.1468872712194787,0.0974158120185302,0.111527107801772
2025-05-04,12.0,9.2,20.8,20.8,26.2,181.11587018016704,0.0665372346545734,25959.0,2.5649493574615367,2.322387720290225,3.0819099697950434,3.0819099697950434,3.3032169733019514,0.0665372346545734,5.19913699318776,10.164273649274849,0.26236426446749084,0.3738597686928333,0.0041150883550233885,-0.0008086409497440883,0.1908746130793482,0.6086128610586816,0.239719371989993,0.1995142771242105,0.1386296699543669
2025-05-11,11.8,9.4,20.0,16.2,22.0,181.37396950271952,0.0863518515645589,25920.0,2.5494451709255714,2.341805806147327,3.044522437723423,2.8449093838194077,3.1354942159291497,0.0863518515645589,5.200561029604308,10.16277015046621,-0.015504186535965303,-0.03738753207162038,0.0014240364165480912,-0.001503498808638426,0.1594614348888203,0.6264557834490939,0.1836123433345571,0.2309945120845918,0.1885177045376075
2025-05-18,14.2,2.8,16.6,13.6,20.8,181.632068825272,0.086277349475794,25973.0,2.7212954278522306,1.33500106673234,2.8678989020441064,2.681021528714291,3.0819099697950434,0.086277349475794,5.2019830410244685,10.16481281589039,0.17185025692665912,-0.17662353567931666,0.0014220114201606293,0.002042665424179191,0.1805460552632572,0.6214105828669396,0.1468213178045658,0.1550198616613428,0.1528751318604678
2025-05-25,15.2,6.6,19.6,12.6,19.6,181.8901681478244,0.0862029758330606,25996.0,2.785011242238338,2.028148247292285,3.025291075795536,2.6100697927420065,3.025291075795536,0.0862029758330606,5.203403033199199,10.16569795901424,0.06371581438610763,0.15739217375142944,0.0014199921747302113,0.0008851431238507956,0.1175027958591534,0.7887330511421655,0.1714161103441184,0.1239267537954292,0.1252188608925413
2025-06-01,15.6,7.0,16.6,12.2,20.0,182.14826747037685,0.0861287303045132,26056.0,2.8094026953624978,2.079441541679836,2.8678989020441064,2.580216829592325,3.044522437723423,0.0861287303045132,5.204821011854997,10.16800334695607,0.02439145312415958,-0.15739217375142944,0.00141797865579818,0.002305387941829551,0.0948669760896266,0.6951287919389643,0.1492591125000212,0.0911829557729948,0.1082418511916123
2025-06-08,13.0,3.2,18.4,12.6,19.8,181.80199853098293,-0.0024110602027893,26020.0,2.6390573296152584,1.4350845252893227,2.9652730660692823,2.6100697927420065,3.0349529867072724,-0.0024110602027893,5.202918174702663,10.166620752066496,-0.17034536574723935,0.09737416402517596,-0.0019028371523335252,-0.0013825948895735962,0.1177831850678993,0.6612680826980925,0.1683828496345534,0.055915673144735,0.0947875157288269
2025-06-15,11.2,5.2,19.4,13.2,18.4,181.45572959158892,-0.0024111183363095,26123.0,2.501435951739211,1.824549292051046,3.0155349008501706,2.653241964607215,2.9652730660692823,-0.0024111183363095,5.201011709857096,10.170571431312704,-0.13762137787604756,0.050261834780888304,-0.001906464845567335,0.0039506792462074,0.1087116590151254,0.732889341066583,0.1451713776690686,0.0352296425660645,0.0861553878354858
2025-06-22,10.8,0.0,16.6,13.2,19.8,181.10946065219505,-0.0024111764726386,26100.0,2.468099531471619,0.0,2.8678989020441064,2.653241964607215,3.0349529867072724,-0.0024111764726386,5.1991016034597255,10.169690593310785,-0.03333642026759165,-0.14763599880606426,-0.0019101063973705479,-0.0008808380019189599,0.0861872194008103,0.6519672158580333,0.1446481379615101,0.0331586163352924,0.0858736639862697
2025-06-29,11.6,8.2,17.4,12.8,21.6,180.7631917128011,-0.0024112346117433,26175.0,2.533696813957432,2.2192034840549946,2.91235066461494,2.624668592163159,3.1179499062782403,-0.0024112346117433,5.197187841572417,10.172560035738735,0.06559728248581287,0.04445176257083361,-0.0019137618873088513,0.0028694424279507302,0.0605582576095505,1.221173220852276,0.1668755530320521,0.0384094160538726,0.0837345736183278
2025-07-06,12.6,0.0,16.6,12.4,23.2,180.4169227734072,-0.0024112927536679,26100.0,2.6100697927420065,0.0,2.8678989020441064,2.5952547069568657,3.186352633162641,-0.0024112927536679,5.19527041017686,10.169690593310785,0.07637297878457439,-0.04445176257083361,-0.001917431395556335,-0.0028694424279507302,0.0457672080729656,1.130029173812212,0.1459758173033712,0.0426062871614346,0.1046222111517738
2025-07-13,13.8,9.4,18.6,16.0,22.6,180.74296444007385,0.0258592988170214,26135.0,2.694627180770069,2.341805806147327,2.975529566236472,2.833213344056216,3.1612467120315646,0.0258592988170214,5.197075936021687,10.171030691147022,0.08455738802806234,0.10763066419236544,0.0018055258448264055,0.0013400978362376748,0.0476445183549402,1.201440505493716,0.1535411677043572,0.1101899142092202,0.1284499306484422
2025-07-20,13.4,0.0,19.4,15.6,22.2,181.0690061067405,0.0258526135124448,26110.0,2.667228206581955,0.0,3.0155349008501706,2.8094026953624978,3.1441522786722644,0.0258526135124448,5.198878207817324,10.170073661693175,-0.02739897418811399,0.04000533461369882,0.0018022717956371892,-0.0009570294538470137,0.0494680706937374,1.0375390902467607,0.1452622924276893,0.0983335738329579,0.1177067502665119
2025-07-27,13.6,5.2,21.0,15.0,24.2,181.3950477734072,0.0258459316636372,26197.0,2.681021528714291,1.824549292051046,3.091042453358316,2.772588722239781,3.226843994517377,0.0258459316636372,5.200677237272039,10.173400179376332,0.013793322132336083,0.07550755250814545,0.0017990294547152175,0.0033265176831562826,0.0356564784922084,1.1228029868122575,0.1446713305180697,0.0611327328134011,0.1026913886714738
2025-08-03,16.8,4.8,20.6,15.4,27.2,181.7210894400738,0.0258392532678897,26190.0,2.87919845729804,1.7578579175523736,3.0726933146901194,2.797281334830153,3.339321977944068,0.0258392532678897,5.202473036031023,10.173132937501755,0.19817692858374913,-0.018349138668196652,0.0017957987589838353,-0.00026724187457638493,0.0910971125929067,0.8096258448786131,0.1460072440569192,0.0471101916034714,0.1087282121030808
2025-08-10,15.4,7.8,21.2,15.0,27.4,182.3135894400738,0.0380378259554614,26230.0,2.797281334830153,2.174751721484161,3.100092288878234,2.772588722239781,3.3463891451671604,0.0380378259554614,5.205728223284128,10.17465907286092,-0.08191712246788718,0.027398974188114433,0.0032551872531048076,0.0015261353591640159,0.1013404223886567,0.7943203506712494,0.1451502469131805,0.037943746259334,0.1437562983197985
2025-08-17,14.4,4.6,21.2,15.8,24.6,182.9060894400738,0.0380233626949388,26405.0,2.734367509419584,1.7227665977411035,3.100092288878234,2.8213788864092133,3.242592351485517,0.0380233626949388,5.208972848664757,10.181308665141032,-0.06291382541056878,0.0,0.003244625380629529,0.006649592280112415,0.068788051837829,0.6536515962128666,0.1447805773501443,0.0470905582234289,0.1439401149547005
2025-08-24,14.0,3.6,22.8,16.2,22.0,183.4985894400738,0.0380089104290659,26360.0,2.70805020110221,1.5260563034950492,3.169685580677429,2.8449093838194077,3.1354942159291497,0.0380089104290659,5.212206980490006,10.179602988616445,-0.026317308317374,0.06959329179919527,0.003234131825248454,-0.0017056765245868633,0.0578950131347445,0.6133140589088483,0.1446606180585336,0.0354324109825101,0.1189675283733244
2025-08-31,15.0,3.2,16.6,13.8,20.8,184.0910894400738,0.0379944691453193,26360.0,2.772588722239781,1.4350845252893227,2.8678989020441064,2.694627180770069,3.0819099697950434,0.0379944691453193,5.215430686416264,10.179602988616445,0.06453852113757108,-0.30178667863332276,0.0032237059262580914,0.0,0.0536111836515915,0.664553871802482,0.147654738837971,0.074918069645998,0.1186048924378606
2025-09-07,18.2,0.0,22.2,20.2,23.0,184.6835894400738,0.0379800388311757,26375.0,2.954910279033736,0.0,3.1441522786722644,3.054001181677967,3.1780538303479458,0.0379800388311757,5.218644033447712,10.180171870778368,0.1823215567939549,0.2762533766281581,0.003213347031448599,0.0005688821619234119,0.0908853571336462,0.6174207405584891,0.195600664368551,0.2010327775317537,0.1214374094956208
2025-09-14,23.0,6.4,24.4,19.2,23.0,184.15843555749805,0.0722433389857002,26355.0,3.1780538303479458,2.0014800002101243,3.2347491740244907,3.005682604407159,3.1780538303479458,0.0722433389857002,5.21579644991956,10.179413289289307,0.2231435513142097,0.09059689535222626,-0.0028475835281520645,-0.0007585814890607168,0.1324326838915332,1.1650295795667898,0.1705487482675062,0.164821440349142,0.105804370446123
2025-09-21,27.8,5.6,27.8,21.4,22.2,183.6332816749223,0.0721911856627288,26380.0,3.3603753871419,1.88706964903238,3.3603753871419,3.109060958860994,3.1441522786722644,0.0721911856627288,5.212940734497701,10.180361426271306,0.18232155679395445,0.1256262131174095,-0.0028557154218598058,0.0009481369819983598,0.1539393567103933,1.088453196079945,0.1520915154281814,0.1823670635395838,0.0979404567795171
2025-09-28,25.6,16.4,25.2,20.6,22.0,183.1081277923465,0.0721391075856336,26393.0,3.2809112157876537,2.856470206220483,3.265759410767051,3.0726933146901194,3.1354942159291497,0.0721391075856336,5.21007684060431,10.180854102460378,-0.07946417135424655,-0.09461597637484909,-0.002863893893390923,0.0004926761890722275,0.1077604627564212,0.7951663576023837,0.1634202557056832,0.1168077855048382,0.0893084854945341
2025-10-05,26.0,7.4,29.4,21.8,21.2,182.5829739097708,0.0720871045917004,26346.0,3.295836866004329,2.128231705849268,3.414442608412176,3.126760535960395,3.100092288878234,0.0720871045917004,5.207204721260229,10.179071739789771,0.014925650216675468,0.14868319764512483,-0.0028721193440803816,-0.0017823626706068296,0.1050073059074088,0.8006745583055072,0.1450713979090681,0.1277234893314628,0.084615723599554
2025-10-12,24.8,10.4,30.4,23.2,21.4,183.04754540598293,0.0256955480290033,26310.0,3.250374491927572,2.4336133554004498,3.446807892914208,3.186352633162641,3.109060958860994,0.0256955480290033,5.2097459300580535,10.177704374034338,-0.04546237407675724,0.03236528450203213,0.002541208797824268,-0.0013673657554331697,0.0713881915658264,0.6564546342686363,0.1707304368431816,0.1188268613171105,0.079627669467985
2025-10-19,24.4,17.2,26.6,25.4,20.2,183.51211690219503,0.0256889471132781,26312.0,3.2347491740244907,2.9014215940827497,3.317815772723105,3.2733640101522705,3.054001181677967,0.0256889471132781,5.212280697479148,10.177780387868893,-0.015625317903081193,-0.12899212019110307,0.002534767421094486,7.601383455480004e-05,0.0547477512446873,0.6196857750012841,0.1567704370419781,0.136381150579541,0.0789124474377527
2025-10-26,23.8,21.4,33.4,29.2,23.0,183.9766883984072,0.0256823495880631,26315.0,3.210843653170937,3.109060958860994,3.5380565643793527,3.407841924380824,3.1780538303479458,0.0256823495880631,5.2148090560957705,10.17789439778788,-0.023905520853553686,0.22024079165624766,0.0025283586166224836,0.0001140099189864685,0.0373644942958542,0.8238577340920098,0.1451904141918972,0.1669394966412094,0.0765614517183078
2025-11-02,24.8,17.6,39.2,29.2,22.6,184.4412598946193,0.0256757554507824,26285.0,3.250374491927572,2.923161580719156,3.693866995624976,3.407841924380824,3.1612467120315646,0.0256757554507824,5.217331038233735,10.176753713253548,0.03953083875663488,0.15581043124562344,0.002521982137964507,-0.0011406845343309158,0.0435614886751887,0.7435354488979073,0.1949869334249402,0.1386210496582066,0.1060330428920033
2025-11-09,24.6,12.6,29.4,25.4,22.2,185.8133337582556,0.061431800215983,26320.0,3.242592351485517,2.6100697927420065,3.414442608412176,3.2733640101522705,3.1441522786722644,0.061431800215983,5.224742587842797,10.178084385439254,-0.007782140442055052,-0.27942438721280016,0.007411549609061652,0.0013306721857055948,0.0319878843605975,0.6675791647903773,0.198199291243302,0.0846461424555268,0.1060797667690369
2025-11-16,24.4,8.4,28.8,22.2,18.4,187.185407621892,0.0613940847245197,26366.0,3.2347491740244907,2.2407096892759584,3.3945083935113587,3.1441522786722644,2.9652730660692823,0.0613940847245197,5.232099610267419,10.179830580317915,-0.00784317746102614,-0.01993421490081726,0.007357022424621995,0.0017461948786614556,0.0197022776937002,0.6170755743681242,0.1517594409518167,0.0533392561608802,0.098089979547032
2025-11-23,24.2,14.4,24.4,22.8,18.6,188.5574814855284,0.0613564155147905,26372.0,3.226843994517377,2.734367509419584,3.2347491740244907,3.169685580677429,2.975529566236472,0.0613564155147905,5.239402901970625,10.18005812023319,-0.007905179507113669,-0.159759219486868,0.00730329170320676,0.00022753991527402206,0.016969630831944,0.6073080437727589,0.1484759937934273,0.0822746160780716,0.1194624705694741
2025-11-30,25.0,12.4,27.6,22.6,20.2,189.9295553491648,0.0613187925016633,26340.0,3.258096538021482,2.5952547069568657,3.353406717825807,3.1612467120315646,3.054001181677967,0.0613187925016633,5.2466532420913286,10.178843975297273,0.03125254350410511,0.11865754380131621,0.007250340120703136,-0.00121414493591665,0.0198852369700577,0.7071566913847259,0.1488826595650337,0.0715806331654574,0.1128964469553746
2025-12-07,25.0,13.6,27.2,23.2,19.6,191.3016292128011,0.0612812156002284,26300.0,3.258096538021482,2.681021528714291,3.339321977944068,3.186352633162641,3.025291075795536,0.0612812156002284,5.253851392943141,10.177324218165856,0.0,-0.014084739881738972,0.007198150851812635,-0.0015197571314171654,0.0187346066674309,0.6539388634772412,0.1601867964764862,0.0877886575444024,0.0991681383156166
2025-12-14,23.8,16.4,28.8,24.6,20.2,194.9355269036519,0.0354484431186241,26285.0,3.210843653170937,2.856470206220483,3.3945083935113587,3.242592351485517,3.054001181677967,0.0354484431186241,5.272668872629856,10.176753713253548,-0.04725288485054513,0.05518641556729076,0.018817479686714655,-0.000570504912307257,0.0327361550262819,0.6368491372219492,0.1470650242085713,0.1044957755834796,0.0886715075441238
2025-12-21,24.8,13.2,33.6,27.4,21.8,198.56942459450272,0.0354358816502919,26277.0,3.250374491927572,2.653241964607215,3.543853682063679,3.3463891451671604,3.126760535960395,0.0354358816502919,5.2911387850483695,10.1764493108312,0.03953083875663488,0.1493452885523201,0.0184699124185137,-0.0003044024223477493,0.0316344329784058,0.6948819911317223,0.1547523038468609,0.1370296313899687,0.0841823314565229
2025-12-28,22.2,17.6,32.2,23.2,21.2,202.20332228535352,0.0354233290813077,26295.0,3.1441522786722644,2.923161580719156,3.502549875922443,3.186352633162641,3.100092288878234,0.0354233290813077,5.309273737140575,10.177134086023443,-0.10622221325530745,-0.04130380614123563,0.018134952092205836,0.000684775192242526,0.0745836936177599,0.6318118686886964,0.1798740085204092,0.1104504870187637,0.0980578285094708
2026-01-04,22.8,15.0,25.4,23.4,21.6,205.83721997620432,0.0354107854022567,26230.0,3.169685580677429,2.772588722239781,3.2733640101522705,3.194583132299156,3.1179499062782403,0.0354107854022567,5.327085662131237,10.17465907286092,0.025533302005164682,-0.22918586577017264,0.017811924990661865,-0.0024750131625239646,0.054491038523057,0.6913755194166947,0.1509095214785458,0.1252143860363344,0.0914052482611089
2026-01-11,22.0,6.4,23.6,17.6,18.0,200.64202329788264,0.1578799533638708,26230.0,3.1354942159291497,2.0014800002101243,3.202746442938317,2.923161580719156,2.9444389791664403,0.1578799533638708,5.30152234161362,10.17465907286092,-0.03419136474827944,-0.07061756721395351,-0.025563320517616894,0.0,0.0684443072186089,0.6499419356204631,0.1539811052790839,0.1585731839038864,0.087771876822504
2026-01-18,21.0,8.2,21.8,17.0,17.2,195.44682661956097,0.157631085479637,26267.0,3.091042453358316,2.2192034840549946,3.126760535960395,2.8903717578961645,2.9014215940827497,0.157631085479637,5.2752883558296455,10.176068677452667,-0.04445176257083361,-0.07598590697792185,-0.026233985783974845,0.0014096045917479927,0.0678589264159413,0.6851277997408048,0.1455506520788426,0.1294813339482502,0.1186376462634129
2026-01-25,23.2,9.6,25.6,17.8,19.0,190.2516299412393,0.1573830009468757,25950.0,3.186352633162641,2.360854001118021,3.2809112157876537,2.933856869835904,2.995732273553991,0.1573830009468757,5.248347564070348,10.163926888594034,0.09531017980432477,0.1541506798272585,-0.026940791759297866,-0.012141788858633262,0.0619723947136847,0.6344119158441689,0.1474805636600877,0.0966046828040949,0.1348852420842172
2026-02-01,21.6,4.6,25.0,16.0,19.8,185.05643326291764,0.157135696072852,25940.0,3.1179499062782403,1.7227665977411035,3.258096538021482,2.833213344056216,3.0349529867072724,0.157135696072852,5.220660823226081,10.163541457870435,-0.06840272688440052,-0.02281467776617152,-0.02768674084426692,-0.0003854307235986454,0.0886190062929935,0.6531723608415233,0.1589429913853712,0.0865016782569461,0.1128648970568453
2026-02-08,15.6,9.6,18.4,10.0,20.2,186.8308199179293,0.3011002189501122,25910.0,2.8094026953624978,2.360854001118021,2.9652730660692823,2.3978952727983707,3.054001181677967,0.3011002189501122,5.23020350103959,10.162384273556157,-0.30854721091574255,-0.2928234719521998,0.009542677813509037,-0.001157184314278581,0.1813292172550605,0.6771165813813689,0.1450386450640554,0.207954888330719,0.0995716204659933
2026-02-15,12.6,0.0,10.8,6.8,10.6,188.60520657294097,0.3001963271517915,25920.0,2.6100697927420065,0.0,2.468099531471619,2.0541237336955462,2.451005098112319,0.3001963271517915,5.239655976249595,10.16277015046621,-0.1993329026204913,-0.4971735345976631,0.00945247521000514,0.00038587691005353975,0.1968519327095006,0.7026704849222011,0.1886954959293616,0.2447291581841792,0.0922580713349403
2026-02-22,21.8,6.6,25.0,15.6,26.2,190.37959322795265,0.2992978460108153,26030.0,3.126760535960395,2.028148247292285,3.258096538021482,2.8094026953624978,3.3032169733019514,0.2992978460108153,5.249019938188629,10.167004997988611,0.5166907432183887,0.7899970065498629,0.009363961939033771,0.004234847522400997,0.2844066933788267,1.3881661550242024,0.2990179013241516,0.4168078951472757,0.353262488507321
2026-03-01,25.8,9.4,27.2,18.2,26.2,192.15397988296428,0.2984047270902401,26030.0,3.288401887516811,2.341805806147327,3.339321977944068,2.954910279033736,3.3032169733019514,0.2984047270902401,5.258297029171917,10.167004997988611,0.1616413515564159,0.0812254399225858,0.009277090983288439,0.0,0.1809647895701438,1.054401666151092,0.2968727219758318,0.2838902007837509,0.3751245726691089
