date,SHOCK_Index,VOL_Base_Index,MDI_Index,LEARN_Index,ESCAPE_Index
2021-12-26,0.0,0.0,8.2,0.4,14.6
2022-01-02,0.0,0.0,12.4,0.8,20.4
2022-01-09,0.0,0.0,11.4,0.8,20.0
2022-01-16,0.0,0.0,11.8,0.8,19.0
2022-01-23,0.0,0.0,15.6,0.8,20.6
2022-01-30,0.0,0.0,14.4,0.6,20.8
2022-02-06,0.0,0.0,16.8,0.8,21.6
2022-02-13,0.0,0.0,14.8,0.8,20.2
2022-02-20,0.0,0.0,15.8,0.8,19.0
2022-02-27,0.0,0.0,15.8,0.8,20.0
2022-03-06,0.0,0.0,15.6,0.8,19.6
2022-03-13,0.0,0.0,15.2,0.6,19.2
2022-03-20,0.0,0.2,16.2,0.8,20.4
2022-03-27,0.0,0.0,16.8,0.6,20.2
2022-04-03,0.0,0.0,17.8,0.6,21.0
2022-04-10,0.0,0.0,15.8,0.8,19.0
2022-04-17,0.0,0.0,17.2,0.8,20.6
2022-04-24,0.0,0.4,18.0,1.0,19.0
2022-05-01,0.0,0.8,18.0,0.8,19.2
2022-05-08,0.0,2.6,16.4,0.6,18.2
2022-05-15,0.0,1.8,14.0,1.0,18.4
2022-05-22,0.0,2.4,13.2,1.0,17.0
2022-05-29,0.0,2.2,12.8,0.6,17.4
2022-06-05,0.0,2.6,13.8,0.6,18.2
2022-06-12,0.0,3.6,13.8,1.2,18.0
2022-06-19,0.0,1.8,13.2,0.8,19.4
2022-06-26,0.0,1.8,12.8,0.8,17.8
2022-07-03,0.0,1.4,12.8,0.6,16.6
2022-07-10,0.2,1.6,14.0,1.0,18.6
2022-07-17,0.0,1.4,13.6,0.8,18.4
2022-07-24,0.0,1.8,14.4,0.8,18.4
2022-07-31,0.2,2.4,14.2,1.0,18.4
2022-08-07,0.2,1.6,13.0,0.6,18.4
2022-08-14,0.2,1.0,13.8,1.2,19.2
2022-08-21,0.2,1.2,13.6,1.0,18.6
2022-08-28,0.2,1.0,13.8,1.0,17.6
2022-09-04,0.2,0.8,13.0,0.8,17.2
2022-09-11,0.2,0.8,14.8,1.2,18.2
2022-09-18,0.2,1.2,14.6,1.0,18.2
2022-09-25,0.0,0.8,15.0,0.8,16.4
2022-10-02,0.0,1.0,15.2,1.2,18.0
2022-10-09,0.0,1.4,15.0,1.0,19.6
2022-10-16,0.0,1.4,15.2,1.2,18.6
2022-10-23,0.0,1.6,15.4,1.0,17.6
2022-10-30,0.0,4.6,15.4,1.2,18.2
2022-11-06,0.0,13.0,15.2,1.2,16.8
2022-11-13,0.0,13.2,15.8,1.0,16.6
2022-11-20,0.0,5.2,11.8,0.8,12.8
2022-11-27,0.6,4.8,16.4,1.2,17.0
2022-12-04,3.2,5.4,18.6,1.4,16.8
2022-12-11,3.6,4.8,16.8,1.4,16.8
2022-12-18,2.0,2.4,10.2,1.2,12.8
2022-12-25,1.6,2.2,9.2,1.4,12.6
2023-01-01,2.4,6.4,11.8,1.4,16.2
2023-01-08,3.0,6.6,14.0,1.8,17.8
2023-01-15,3.4,18.2,15.8,2.4,18.0
2023-01-22,4.6,23.4,16.4,3.0,19.6
2023-01-29,5.0,15.6,16.8,2.6,19.6
2023-02-05,5.8,11.0,18.2,3.0,18.6
2023-02-12,5.6,8.8,16.0,2.6,18.2
2023-02-19,4.8,7.0,15.2,3.2,17.8
2023-02-26,5.0,6.6,17.0,3.4,18.4
2023-03-05,4.8,6.6,16.6,3.0,18.4
2023-03-12,5.4,7.8,16.4,3.2,18.2
2023-03-19,6.2,10.6,17.0,4.2,18.4
2023-03-26,6.2,9.6,17.6,5.8,18.8
2023-04-02,6.0,8.6,16.0,6.2,18.0
2023-04-09,6.4,7.2,15.8,5.2,19.6
2023-04-16,6.6,8.2,18.2,5.8,19.6
2023-04-23,6.2,7.2,19.0,6.0,17.8
2023-04-30,6.0,8.0,17.0,6.6,18.4
2023-05-07,5.8,7.8,16.0,5.8,17.8
2023-05-14,6.2,6.4,15.2,6.2,19.8
2023-05-21,5.2,6.2,14.6,5.8,16.6
2023-05-28,4.6,6.0,13.4,5.4,17.2
2023-06-04,4.6,5.6,13.6,6.2,16.6
2023-06-11,4.4,5.6,13.2,5.6,17.6
2023-06-18,3.8,5.2,13.8,6.0,16.8
2023-06-25,3.8,6.2,13.4,5.6,17.8
2023-07-02,3.2,4.2,12.8,5.2,15.8
2023-07-09,4.0,5.4,13.6,6.2,18.6
2023-07-16,3.6,4.4,14.2,5.6,18.2
2023-07-23,3.4,4.6,13.4,5.6,18.4
2023-07-30,3.4,4.6,13.6,5.4,18.0
2023-08-06,3.2,4.6,14.2,5.2,16.8
2023-08-13,3.4,3.8,13.4,5.8,17.4
2023-08-20,3.8,4.2,13.6,4.6,16.8
2023-08-27,4.0,4.0,15.4,5.2,17.2
2023-09-03,4.0,3.4,14.4,4.4,16.2
2023-09-10,4.6,4.8,15.8,5.0,17.0
2023-09-17,4.8,4.6,17.4,5.0,18.2
2023-09-24,5.4,5.0,16.2,5.2,17.8
2023-10-01,4.6,4.6,15.6,4.8,17.8
2023-10-08,4.8,4.0,15.4,4.6,17.2
2023-10-15,5.0,5.6,16.2,4.8,17.6
2023-10-22,5.2,4.4,16.6,4.6,16.8
2023-10-29,4.8,5.2,16.2,4.8,16.6
2023-11-05,5.6,5.6,17.8,5.2,17.2
2023-11-12,5.6,5.6,18.4,5.2,18.6
2023-11-19,5.0,3.2,13.2,5.4,13.0
2023-11-26,5.6,5.0,18.6,7.0,17.8
2023-12-03,6.0,5.4,19.2,6.2,17.2
2023-12-10,5.8,4.8,17.8,5.6,17.8
2023-12-17,3.8,3.4,12.0,5.2,14.4
2023-12-24,2.6,3.0,9.4,4.2,12.0
2023-12-31,3.6,4.4,12.4,5.8,16.8
2024-01-07,4.4,9.0,14.4,6.2,18.2
2024-01-14,4.6,8.8,14.8,6.0,18.2
2024-01-21,5.2,10.4,17.2,6.4,20.4
2024-01-28,5.2,10.6,17.4,6.6,20.4
2024-02-04,5.6,9.4,18.8,6.2,21.0
2024-02-11,6.2,7.6,17.2,6.6,19.2
2024-02-18,6.4,7.0,18.0,7.2,20.4
2024-02-25,6.2,7.4,17.6,7.2,19.6
2024-03-03,6.2,6.6,18.0,7.0,19.0
2024-03-10,5.6,6.2,16.2,6.8,19.0
2024-03-17,6.0,5.6,17.4,7.0,19.2
2024-03-24,5.8,5.0,17.2,7.4,20.2
2024-03-31,5.4,5.8,17.6,6.4,18.8
2024-04-07,5.8,5.4,18.0,6.4,19.6
2024-04-14,6.2,6.4,20.2,6.8,20.6
2024-04-21,6.2,5.4,21.0,7.2,19.2
2024-04-28,6.0,6.8,20.0,6.6,18.4
2024-05-05,5.4,6.0,17.0,6.6,19.2
2024-05-12,6.8,7.2,16.0,8.2,17.2
2024-05-19,5.8,6.6,15.2,7.0,16.6
2024-05-26,5.2,5.2,14.2,6.8,16.6
2024-06-02,5.8,5.6,14.4,7.2,18.2
2024-06-09,4.8,5.0,14.6,7.0,18.0
2024-06-16,4.6,5.4,14.0,6.8,17.6
2024-06-23,4.4,5.4,15.0,6.8,17.6
2024-06-30,3.8,4.2,13.4,5.8,15.4
2024-07-07,4.0,5.0,14.0,6.4,18.8
2024-07-14,4.0,4.4,14.6,5.6,17.8
2024-07-21,4.2,4.8,14.2,6.2,17.6
2024-07-28,4.2,5.6,14.2,5.4,18.0
2024-08-04,4.2,6.0,14.0,6.2,18.6
2024-08-11,4.8,6.0,14.0,6.4,18.6
2024-08-18,6.0,7.0,15.6,6.6,18.6
2024-08-25,6.2,5.8,15.8,6.4,17.8
2024-09-01,6.2,5.4,16.2,6.8,18.0
2024-09-08,7.4,6.0,18.4,6.2,18.4
2024-09-15,8.0,6.6,19.6,7.0,20.2
2024-09-22,8.0,6.6,19.0,7.2,18.4
2024-09-29,7.8,6.6,18.0,7.4,17.6
2024-10-06,7.6,6.0,17.8,6.8,18.2
2024-10-13,7.8,6.2,17.6,7.0,17.8
2024-10-20,8.4,6.8,19.2,8.4,18.0
2024-10-27,8.2,6.0,18.8,7.4,17.8
2024-11-03,7.8,6.6,18.2,7.4,17.2
2024-11-10,9.2,6.8,18.0,7.8,19.6
2024-11-17,9.4,7.0,21.8,8.8,18.8
2024-11-24,6.2,4.6,14.8,6.4,14.2
2024-12-01,9.2,6.8,21.2,8.2,18.0
2024-12-08,11.6,7.0,21.0,8.2,17.8
2024-12-15,8.4,6.0,15.2,7.8,16.2
2024-12-22,5.6,4.6,10.2,6.8,12.4
2024-12-29,5.6,5.8,12.0,7.6,16.0
2025-01-05,8.2,7.4,15.2,9.4,18.2
2025-01-12,9.0,8.6,17.0,10.0,19.6
2025-01-19,10.0,10.2,16.6,10.6,19.6
2025-01-26,12.2,9.4,19.6,11.4,27.2
2025-02-02,12.2,11.0,20.4,10.6,26.4
2025-02-09,12.0,10.8,19.8,11.6,21.2
2025-02-16,12.2,10.0,21.0,13.4,21.8
2025-02-23,12.8,11.4,21.6,12.4,21.4
2025-03-02,12.4,9.8,21.6,11.0,21.8
2025-03-09,11.6,9.0,20.0,10.8,20.6
2025-03-16,12.0,9.6,20.4,11.4,20.6
2025-03-23,12.6,9.0,19.6,11.6,20.4
2025-03-30,13.8,10.6,20.4,11.8,21.8
2025-04-06,14.0,11.2,21.8,12.2,21.2
2025-04-13,14.2,9.8,20.8,11.8,19.4
2025-04-20,15.0,11.0,21.8,12.0,18.8
2025-04-27,15.2,11.4,22.2,12.6,19.6
2025-05-04,15.2,11.8,20.8,13.2,19.4
2025-05-11,15.0,12.0,17.8,13.2,19.2
2025-05-18,14.6,11.6,17.2,12.6,18.0
2025-05-25,14.6,13.4,15.6,14.8,17.4
2025-06-01,14.8,13.6,17.2,19.0,18.8
2025-06-08,15.6,14.0,17.8,23.8,20.2
2025-06-15,14.8,13.4,18.0,23.4,19.4
2025-06-22,14.8,14.2,18.0,26.2,20.4
2025-06-29,13.8,13.6,16.8,23.8,18.2
2025-07-06,15.4,15.2,17.6,21.2,20.6
2025-07-13,18.0,17.8,18.2,26.8,23.0
2025-07-20,19.2,22.8,20.2,30.0,23.0
2025-07-27,20.2,23.2,20.8,36.2,23.6
2025-08-03,18.6,19.0,18.0,30.8,22.4
2025-08-10,17.4,16.4,18.4,30.8,21.4
2025-08-17,18.6,14.4,17.4,25.2,21.0
2025-08-24,18.2,14.4,18.6,24.2,20.2
2025-08-31,18.2,14.4,19.4,24.6,20.2
2025-09-07,19.2,12.4,20.4,19.8,19.0
2025-09-14,21.2,13.0,22.4,30.4,22.6
2025-09-21,19.4,13.8,24.2,35.2,24.0
2025-09-28,18.4,13.0,23.4,29.4,22.8
2025-10-05,19.0,12.4,22.2,26.0,21.8
2025-10-12,18.4,12.0,22.0,22.4,21.4
2025-10-19,18.2,13.4,21.8,21.6,21.8
2025-10-26,20.6,17.4,22.2,24.6,21.8
2025-11-02,21.2,16.4,24.6,28.4,24.4
2025-11-09,19.8,15.6,25.0,28.4,22.8
2025-11-16,20.0,14.4,27.6,31.4,23.8
2025-11-23,13.6,12.0,21.0,28.4,19.2
2025-11-30,17.6,18.4,31.4,37.4,26.6
2025-12-07,18.4,17.2,30.8,37.8,26.6
2025-12-14,16.8,15.8,25.0,31.2,24.6
2025-12-21,12.8,12.0,16.8,26.8,20.4
2025-12-28,12.6,13.6,19.2,33.4,24.4
2026-01-04,15.8,17.8,27.0,36.0,29.8
2026-01-11,17.0,18.2,28.2,42.6,30.2
2026-01-18,17.2,19.8,29.4,39.8,30.8
2026-01-25,19.4,21.2,31.2,38.0,40.8
2026-02-01,19.6,19.8,41.4,43.0,40.4
2026-02-08,16.0,17.2,33.6,43.2,39.6
2026-02-15,17.6,16.8,36.8,46.2,38.6
2026-02-22,18.0,19.6,41.8,48.6,38.8
2026-03-01,19.4,24.8,40.8,51.6,31.2
2026-03-08,19.0,22.2,38.4,42.4,29.6
2026-03-15,16.8,22.2,40.0,41.6,30.8
2026-03-22,19.6,20.4,41.2,41.4,30.4
