,SHOCK_Index,VOL_Base_Index,MDI_Index,LEARN_Index,ESCAPE_Index,IIP_sa,INFL_sa,EXR
2022-01-09,0.0,0.0,11.4,0.6,20.0,100.82224539820076,0.08432221407017604,107.81181999999998
2022-01-16,0.0,0.0,12.2,0.8,19.6,100.80751045239657,0.08425117161687812,106.92811999999999
2022-01-23,0.0,0.0,15.4,0.8,21.4,100.79277550659236,0.08418024877105967,107.032325
2022-01-30,0.0,0.0,14.4,0.8,21.2,100.77804056078817,0.08410944523078445,108.15075999999999
2022-02-06,0.0,0.0,16.6,0.8,22.4,100.76330561498398,0.08403876069540406,107.80430000000001
2022-02-13,0.0,0.0,14.6,0.6,20.2,100.88918276606206,0.3013254693393197,107.32683999999999
2022-02-20,0.0,0.0,15.8,0.6,19.2,101.01505991714015,0.3004202266813083,107.76114
2022-02-27,0.0,0.0,16.2,0.8,20.4,101.14093706821824,0.2995204067962165,108.223025
2022-03-06,0.0,0.0,16.0,0.8,20.0,101.26681421929632,0.29862596110272754,108.90986000000001
2022-03-13,0.0,0.0,15.2,0.6,19.6,101.24000294556137,0.08018926291541995,110.02108000000001
2022-03-20,0.0,0.0,16.0,0.6,20.4,101.21319167182644,0.0801250112594909,109.83482
2022-03-27,0.0,0.0,16.6,0.8,20.4,101.1863803980915,0.08006086248442124,109.51482000000001
2022-04-03,0.0,0.0,17.6,0.6,20.8,101.15956912435655,0.07999681634327516,109.29598000000001
2022-04-10,0.0,0.0,15.8,1.0,19.2,101.12965557631605,0.2267192079857372,110.15534
2022-04-17,0.0,0.0,17.2,0.8,20.8,101.09974202827554,0.22620635472985207,111.02083999999999
2022-04-24,0.0,0.4,17.8,1.0,19.2,101.06982848023503,0.22569581645068837,111.51187999999999
2022-05-01,0.0,0.8,18.0,0.8,19.4,101.03991493219453,0.22518757750911167,113.7064
2022-05-08,0.0,2.6,16.2,0.6,18.8,101.00843721876214,0.22075335775391114,114.46302
2022-05-15,0.0,1.8,13.8,0.8,18.6,100.97695950532973,0.22026711071101435,115.30248000000002
2022-05-22,0.0,2.4,13.2,1.2,17.0,100.94548179189734,0.2197830010447488,114.43122000000001
2022-05-29,0.0,2.0,12.6,1.0,17.0,100.91400407846493,0.21930101469336272,113.01604
2022-06-05,0.0,2.6,13.4,0.6,18.0,100.88252636503253,0.21882113771796163,112.765225
2022-06-12,0.0,3.4,13.6,1.0,18.0,100.90703815085956,0.011448187703622104,113.45428
2022-06-19,0.0,1.6,13.2,0.6,19.6,100.93154993668658,0.011446877243614928,115.85763999999999
2022-06-26,0.0,1.8,13.2,0.8,18.4,100.9560617225136,0.011445567083634423,115.234625
2022-07-03,0.0,1.2,12.6,0.6,17.0,100.98057350834063,0.011444257223480747,115.39616000000001
2022-07-10,0.2,1.6,13.4,0.8,19.0,100.9617839250073,0.021093554231033096,117.5703
2022-07-17,0.0,1.4,14.0,0.8,19.2,100.94299434167395,0.021089105789062756,118.48546000000002
2022-07-24,0.0,1.8,14.2,1.0,19.2,100.92420475834062,0.02108465922296965,117.20286000000002
2022-07-31,0.2,2.4,13.8,1.0,18.8,100.90541517500728,0.021080214531576935,116.97413999999999
2022-08-07,0.2,1.4,13.2,0.8,18.6,100.88662559167395,0.021075771713685576,116.49877999999998
2022-08-14,0.2,1.2,13.4,1.0,19.4,100.95316283125727,0.09046136458896736,115.89782
2022-08-21,0.2,1.2,13.6,1.2,18.6,101.0197000708406,0.09037960596409711,117.26962
2022-08-28,0.2,1.0,14.2,1.0,17.8,101.08623731042394,0.09029799499202795,118.73206
2022-09-04,0.2,1.0,13.0,1.0,17.6,101.15277455000727,0.09021653127314622,119.29374
2022-09-11,0.2,0.8,15.0,1.0,18.8,101.23329402632089,0.13123160418504476,120.1175
2022-09-18,0.2,1.0,14.6,1.0,18.4,101.3138135026345,0.13105961255304166,119.76516
2022-09-25,0.0,0.8,14.8,1.0,16.2,101.39433297894813,0.1308880711540894,121.62458
2022-10-02,0.0,0.8,15.4,1.4,18.4,101.47485245526175,0.13071697822264472,124.10498
2022-10-09,0.0,1.4,15.4,1.2,20.2,101.43036148643891,0.05517443726010818,122.79592
2022-10-16,0.0,1.4,15.2,1.0,18.6,101.38587051761607,0.05514401186188511,124.1455
2022-10-23,0.0,1.4,15.8,1.0,18.2,101.34137954879323,0.05511362000072406,123.57622
2022-10-30,0.0,4.6,14.8,1.0,18.2,101.29688857997039,0.055083261621247104,122.10517999999999
2022-11-06,0.0,13.2,15.4,1.2,17.4,101.25239761114754,0.05505293666809852,122.9872
2022-11-13,0.0,13.2,15.8,1.0,16.8,100.95516462928566,0.020054742333930342,120.68345
2022-11-20,0.0,5.2,11.8,1.0,13.0,100.65793164742377,0.020050721213471512,117.90347999999999
2022-11-27,0.6,4.6,16.2,1.4,17.2,100.36069866556187,0.02004670170518974,118.30007499999999
2022-12-04,3.2,5.4,18.6,1.4,16.8,100.06346568369999,0.02004268380815244,117.49056
2022-12-11,3.8,5.0,17.0,1.4,17.2,100.33669434877623,0.19797838030810588,117.03362
2022-12-18,2.0,2.6,10.0,1.4,12.8,100.60992301385247,0.19758720036910926,116.45219999999999
2022-12-25,1.6,2.2,8.8,1.2,12.6,100.88315167892871,0.19719756322473803,116.40632000000001
2023-01-01,2.2,6.2,11.8,1.4,16.4,101.15638034400496,0.19680945976590092,115.98805
2023-01-08,3.0,6.6,13.8,2.0,17.8,101.04480539820077,0.017750008330463807,116.37465
2023-01-15,3.4,18.2,15.2,2.4,18.4,100.93323045239657,0.017746858261658005,114.73182
2023-01-22,4.4,23.0,16.2,2.8,19.6,100.82165550659236,0.017743709310691358,114.182575
2023-01-29,5.0,15.4,17.0,2.6,20.2,100.71008056078817,0.017740561477053163,113.84372
2023-02-05,5.8,11.0,17.8,2.8,18.4,100.59850561498398,0.01773741476005508,113.85763999999999
2023-02-12,5.4,8.6,16.4,2.8,18.6,100.67303276606206,0.05188576415553481,115.19318000000001
2023-02-19,4.8,7.0,16.0,3.4,18.4,100.74755991714015,0.051858856791420216,115.44390000000001
2023-02-26,5.0,6.6,16.4,3.6,18.4,100.82208706821824,0.05183197732052669,116.527975
2023-03-05,4.8,6.6,16.6,3.2,19.2,100.89661421929632,0.05180512569951112,116.74158
2023-03-12,5.2,8.0,16.6,3.4,18.4,100.91560294556137,0.08777313057477532,117.23316
2023-03-19,6.2,10.6,17.4,4.2,19.0,100.93459167182644,0.08769615691246457,116.43897999999999
2023-03-26,6.4,9.6,17.6,6.2,18.6,100.9535803980915,0.08761931813774382,115.47346
2023-04-02,6.2,8.6,16.2,6.4,18.6,100.97256912435655,0.08754261389636309,114.84754000000001
2023-04-09,6.4,7.0,16.0,5.2,19.8,100.90505828592416,0.024489431549978846,114.01204
2023-04-16,6.6,8.4,18.6,5.8,19.8,100.83754744749174,0.02448343569576572,113.91936000000001
2023-04-23,6.2,7.4,18.8,6.2,18.2,100.77003660905935,0.024477442776782432,114.01088
2023-04-30,5.8,8.0,16.8,6.6,18.4,100.70252577062693,0.024471452790963966,113.9864
2023-05-07,5.8,7.6,15.8,6.0,18.4,100.63501493219454,0.024465465736045466,113.95298
2023-05-14,5.8,6.2,14.8,6.4,19.8,100.47229279040404,0.01957971882582399,113.88846000000001
2023-05-21,5.2,6.6,15.0,5.8,16.8,100.30957064861354,0.01957588592240711,114.89682
2023-05-28,4.6,5.8,13.0,5.4,17.0,100.14684850682303,0.019572054519323423,115.83824
2023-06-04,4.6,6.2,13.4,6.6,17.2,99.98412636503254,0.019568224615751362,115.9051
2023-06-11,4.6,5.4,13.2,6.0,17.6,100.15416315085956,0.06370800835417967,115.38807999999999
2023-06-18,4.0,5.0,13.8,6.2,17.2,100.32419993668658,0.06366744709165317,114.36448
2023-06-25,4.0,6.2,13.2,6.0,18.2,100.4942367225136,0.0636269374449272,114.020025
2023-07-02,3.4,4.6,12.6,5.4,16.2,100.66427350834063,0.06358647931550276,114.30095999999999
2023-07-09,4.0,5.4,13.8,6.0,18.8,100.6573439250073,0.10509242823883991,114.45005
2023-07-16,3.6,4.4,14.6,6.0,18.4,100.65041434167395,0.10498210000076114,112.51918
2023-07-23,3.4,5.0,13.6,5.8,19.0,100.64348475834062,0.1048720031694872,112.12328
2023-07-30,3.4,4.8,14.0,6.0,18.6,100.63655517500727,0.10476213701786641,112.92357999999999
2023-08-06,3.2,4.8,14.4,5.0,17.2,100.62962559167394,0.10465250082154487,113.84031999999999
2023-08-13,3.4,4.2,13.2,6.2,17.4,100.69273783125728,0.08247728699068979,114.34094
2023-08-20,3.6,4.4,13.8,5.0,16.8,100.75585007084061,0.08240931802097062,115.11912
2023-08-27,4.2,4.2,15.0,5.2,17.4,100.81896231042394,0.08234146098451411,115.64877999999999
2023-09-03,4.0,3.8,14.6,4.6,16.0,100.88207455000727,0.08227371560507457,115.67816
2023-09-10,4.6,5.0,15.6,5.0,17.4,100.8342690263209,0.025775120874005353,116.82055
2023-09-17,4.8,4.0,16.8,5.0,18.8,100.78646350263452,0.02576847901740731,116.6115
2023-09-24,5.2,4.8,16.0,5.2,18.0,100.73865797894814,0.025761840582916307,116.73060000000001
2023-10-01,4.6,4.8,15.8,4.8,18.4,100.69085245526176,0.02575520556791222,117.75514000000001
2023-10-08,4.8,4.4,15.2,4.6,17.6,100.78490148643891,0.032160195343067244,118.53971999999999
2023-10-15,5.0,6.2,16.2,5.0,18.0,100.87895051761608,0.032149855886598466,117.92615
2023-10-22,5.2,4.8,16.6,4.8,17.6,100.97299954879323,0.03213952307625778,118.13344
2023-10-29,4.8,5.2,15.8,4.6,17.2,101.06704857997039,0.032129196905605895,118.31864
2023-11-05,5.4,5.4,17.0,5.0,17.8,101.16109761114754,0.03211887736824792,118.30295999999998
2023-11-12,5.8,5.6,18.0,5.4,18.8,101.09586462928564,0.06385949533140867,117.49515
2023-11-19,5.0,3.2,13.2,5.6,13.0,101.03063164742376,0.06381874100547247,116.76442
2023-11-26,5.8,5.0,18.2,7.0,17.6,100.96539866556188,0.06377803866415288,115.855875
2023-12-03,6.0,5.6,19.0,6.2,17.4,100.90016568369998,0.06373738820806274,115.16432
2023-12-10,5.8,5.0,17.8,5.4,17.8,100.69486861576098,0.1124148282866777,115.82922
2023-12-17,3.8,3.4,11.8,5.2,14.6,100.48957154782198,0.11228859925063173,115.14466
2023-12-24,2.8,3.0,9.4,4.6,11.8,100.28427447988297,0.11216265337827824,113.82676000000001
2023-12-31,3.4,4.6,12.4,5.8,17.0,100.07897741194397,0.11203698971784526,112.76405
2024-01-07,4.4,8.8,14.6,6.0,18.6,99.87368034400497,0.11191160732186844,113.9836
2024-01-14,4.6,9.2,15.0,6.0,18.4,99.96573666174972,0.040772706512348655,114.15096000000001
2024-01-21,5.2,10.2,17.2,6.6,21.0,100.05779297949448,0.0407560891517722,115.253075
2024-01-28,5.4,10.6,17.0,6.6,20.6,100.14984929723923,0.04073948533080962,115.19479999999999
2024-02-04,5.6,9.0,18.6,6.4,21.2,100.24190561498398,0.0407228950329408,115.15288000000001
2024-02-11,6.4,7.2,17.4,6.8,19.4,100.26483276606206,0.1312663605395059,115.97272000000001
2024-02-18,6.4,6.8,18.0,7.4,20.6,100.28775991714015,0.13109427785207295,116.2597
2024-02-25,6.2,7.4,17.4,7.4,19.8,100.31068706821824,0.13092264575509382,115.8466
2024-03-03,6.0,6.2,18.0,7.2,19.6,100.33361421929632,0.13075146248104907,115.85588
2024-03-10,5.8,6.4,16.6,7.2,19.8,100.25948520030836,0.04571407613755962,115.25912000000001
2024-03-17,5.8,5.4,16.8,7.0,19.2,100.18535618132042,0.045693187918849354,115.05738000000001
2024-03-24,5.8,5.4,17.2,7.4,20.2,100.11122716233245,0.04567231878038758,115.93638000000001
2024-03-31,5.6,5.6,17.4,6.8,19.0,100.03709814334451,0.04565146869608405,116.30488
2024-04-07,6.2,5.6,17.6,6.6,20.0,99.96296912435655,0.04563063763982633,116.38076000000001
2024-04-14,6.0,6.4,20.0,7.0,20.6,100.11458057631604,0.002723432299056583,116.99076
2024-04-21,6.2,5.4,21.2,7.6,19.2,100.26619202827554,0.0027233581302521515,118.19269999999999
2024-04-28,6.2,6.6,20.0,6.6,18.8,100.41780348023504,0.002723283965488932,117.88363999999999
2024-05-05,5.8,5.6,16.8,6.8,19.2,100.56941493219453,0.002723209804722515,117.69480000000001
2024-05-12,6.6,7.4,16.0,8.4,17.8,100.61669279040403,-0.045748907320863896,117.23578
2024-05-19,6.0,6.0,15.0,7.2,17.2,100.66397064861354,-0.045769846525534064,116.66564000000001
2024-05-26,5.2,5.2,13.8,7.2,16.6,100.71124850682304,-0.045790804906642446,116.73751999999999
2024-06-02,5.8,5.2,14.8,7.4,18.6,100.75852636503254,-0.04581178249060125,116.734925
2024-06-09,5.2,5.0,14.6,7.2,18.2,100.55347579369416,0.04501806164780575,116.44834
2024-06-16,4.4,5.0,14.6,6.8,17.2,100.34842522235577,0.044997804508417616,117.1623
2024-06-23,4.4,5.4,15.2,7.2,18.0,100.1433746510174,0.04497756559140864,117.4756
2024-06-30,3.8,4.4,13.2,5.8,15.8,99.938324079679,0.04495734487210967,117.64514
2024-07-07,4.0,5.0,13.6,6.4,19.0,99.73327350834063,0.0449371423260736,117.35102499999999
2024-07-14,4.0,4.8,14.8,6.0,18.0,99.85526152917396,0.0494438817604026,116.58224
2024-07-21,4.2,4.8,14.2,6.4,18.0,99.97724955000729,0.04941944686751576,116.13899999999998
2024-07-28,4.2,5.4,14.0,5.6,18.0,100.09923757084061,0.049395036113897284,116.48134
2024-08-04,4.2,6.2,13.8,6.6,18.2,100.22122559167394,0.049370649463775784,116.46064000000001
2024-08-11,4.8,6.2,13.6,6.2,18.6,100.08326283125727,0.038668988524848125,115.33848
2024-08-18,6.2,6.6,15.2,6.6,19.0,99.9453000708406,0.038654041398022976,115.06834
2024-08-25,6.2,5.8,16.0,6.6,18.6,99.80733731042395,0.0386391058220692,113.60054
2024-09-01,6.2,5.6,16.4,6.8,18.0,99.66937455000728,0.038624181783575295,113.07128
2024-09-08,7.4,6.0,18.0,6.4,18.8,99.67379013105817,0.05058851204688963,113.41595000000001
2024-09-15,7.8,6.8,19.8,7.2,20.2,99.67820571210906,0.05056293301142212,113.62118000000001
2024-09-22,8.2,6.6,18.8,7.2,18.6,99.68262129315997,0.05053737982991802,113.01939999999999
2024-09-29,7.4,6.8,18.2,7.4,17.8,99.68703687421086,0.05051185246318646,112.6394
2024-10-06,7.6,5.6,17.6,6.8,17.8,99.69145245526175,0.05048635087210318,113.52138
2024-10-13,7.8,6.0,17.4,7.0,17.8,99.6660137442332,0.07446856328443552,114.8412
2024-10-20,8.4,6.8,19.4,8.8,18.2,99.64057503320464,0.07441314888159134,115.669925
2024-10-27,8.4,6.6,18.6,7.6,18.4,99.6151363221761,0.07435781688860388,116.34916000000001
2024-11-03,7.8,6.6,18.6,7.2,17.4,99.58969761114754,0.07430256712177563,116.51954
2024-11-10,9.0,7.0,19.0,8.4,20.0,99.84836462928565,0.10034632332627247,116.61966
2024-11-17,9.6,7.0,22.0,8.6,19.4,100.10703164742375,0.10024573042151097,118.641375
2024-11-24,6.2,4.4,15.2,6.4,14.4,100.36569866556187,0.10014533899493916,118.93166000000001
2024-12-01,9.4,6.4,21.6,8.4,18.6,100.62436568369998,0.10004514844188517,118.73547500000001
2024-12-08,11.6,7.0,21.0,8.4,18.8,100.64270861576098,0.13447056013815573,118.50262000000001
2024-12-15,8.4,6.0,15.2,8.2,16.4,100.66105154782197,0.13428997965034828,118.9897
2024-12-22,5.6,4.4,10.0,7.4,12.8,100.67939447988297,0.13410988351503228,120.08886
2024-12-29,5.4,5.8,12.2,8.0,16.4,100.69773741194396,0.13393026978625322,120.89515
2025-01-05,8.2,7.4,15.4,9.6,18.6,100.71608034400496,0.13375113652824844,121.513925
2025-01-12,9.0,9.0,17.8,10.2,19.4,100.80111166174972,-0.0034988055563234255,121.57950000000001
2025-01-19,10.2,10.2,16.2,10.8,20.2,100.88614297949448,-0.003498927977008126,121.97854
2025-01-26,12.0,9.4,19.8,12.0,28.0,100.97117429723923,-0.0034990504062637484,120.645775
2025-02-02,12.0,10.8,20.4,11.0,27.0,101.05620561498398,-0.0034991728440791903,120.7316
2025-02-09,11.8,10.2,19.6,11.8,21.4,101.02128276606207,0.028199870839440422,120.8461
2025-02-16,12.0,9.4,21.4,13.2,22.4,100.98635991714016,0.02819192075418364,120.33478
2025-02-23,12.6,11.2,21.8,13.2,22.2,100.95143706821824,0.028183975150231078,119.5112
2025-03-02,12.4,9.8,21.6,11.4,22.2,100.91651421929633,0.028176034023830177,119.6422
2025-03-09,12.0,9.0,20.8,11.4,21.4,100.90270520030838,0.03458854711766435,118.24359999999999
2025-03-16,11.8,9.4,20.2,11.6,21.2,100.88889618132042,0.03457658757837212,117.15180000000001
2025-03-23,12.4,9.2,20.0,11.8,20.6,100.87508716233246,0.0345646363066443,117.06004
2025-03-30,13.8,11.0,20.6,11.8,22.6,100.8612781433445,0.034552693293865566,117.48761999999999
2025-04-06,15.0,11.6,21.8,12.2,21.6,100.84746912435655,0.0345407585315094,116.64616000000001
2025-04-13,13.8,10.0,20.0,12.6,19.8,100.80358057631605,0.015608154585544654,115.28335999999999
2025-04-20,14.4,10.8,21.2,12.2,19.0,100.75969202827554,0.015605718820843606,112.61931999999999
2025-04-27,15.6,11.2,22.0,13.0,20.4,100.71580348023504,0.015603283816223446,112.17992
2025-05-04,14.8,11.8,20.6,13.2,20.0,100.67191493219454,0.015600849571395514,112.56662000000001
2025-05-11,15.0,11.8,17.8,13.6,19.4,100.83969279040403,0.02904677929658206,112.80522
2025-05-18,14.2,11.8,16.8,13.4,18.4,101.00747064861353,0.029038344592713372,114.13289999999999
2025-05-25,14.0,14.0,15.4,15.0,17.6,101.17524850682304,0.029029914786038447,112.82401999999999
2025-06-01,14.6,13.6,16.8,19.2,19.0,101.34302636503253,0.029021489872249617,112.45925
2025-06-08,15.6,14.4,18.0,24.4,20.6,101.40473579369414,0.056858620292787876,111.71300000000001
2025-06-15,15.2,13.6,17.6,24.0,19.4,101.46644522235577,0.056826309637147965,111.2695
2025-06-22,15.2,14.2,17.8,27.0,20.6,101.52815465101739,0.05679403568259467,111.1715
2025-06-29,13.8,13.4,16.0,24.2,19.0,101.58986407967902,0.056761798366555816,110.71396
2025-07-06,15.2,15.0,17.2,21.8,21.0,101.65157350834063,0.056729597626747896,109.74095
2025-07-13,18.0,18.0,18.0,27.8,23.4,101.59243652917397,0.09695371148390475,110.4656
2025-07-20,19.2,23.2,20.2,31.2,23.4,101.53329955000729,0.09685980231062263,111.19074
2025-07-27,20.8,23.0,20.8,37.0,24.2,101.47416257084062,0.09676607488180444,110.35564
2025-08-03,20.2,19.0,18.0,31.2,22.4,101.41502559167395,0.09667252867029408,112.04934
2025-08-10,17.2,16.8,18.2,32.0,22.2,101.43781538334062,0.0476218094185743,111.36652
2025-08-17,18.0,14.4,17.8,25.6,21.8,101.46060517500729,0.04759914184595537,111.08366000000001
2025-08-24,18.4,14.2,18.2,24.4,20.0,101.48339496667394,0.047576495842194255,111.32737999999999
2025-08-31,18.2,14.2,19.6,25.0,21.0,101.50618475834061,0.04755387137658218,111.08068
2025-09-07,19.2,12.8,20.6,20.4,19.4,101.52897455000728,0.04753126841832156,111.07322500000001
2025-09-14,21.2,13.0,22.4,31.4,22.8,101.5070940263209,0.027565144965113753,110.74413999999999
2025-09-21,19.8,14.0,24.6,36.2,24.4,101.48521350263451,0.027557548686862887,110.20832
2025-09-28,18.4,13.4,23.2,30.2,23.4,101.46333297894813,0.027549956594152825,111.02383999999999
2025-10-05,19.2,12.4,22.2,26.4,22.6,101.44145245526175,0.027542368683564078,111.09360000000001
2025-10-12,18.6,12.0,22.2,23.0,21.8,101.4256387442332,0.027534784951543934,111.96488
2025-10-19,19.8,13.2,21.8,22.2,22.2,101.40982503320464,0.027527205394739518,111.9972
2025-10-26,19.4,17.0,22.2,25.0,22.2,101.3940113221761,0.02751963000966473,112.07798
2025-11-02,21.4,16.4,24.4,28.8,24.4,101.37819761114754,0.02751205879287788,112.24628
2025-11-09,19.8,15.6,25.2,28.8,23.2,101.48423122565804,0.06221701928132983,113.16162
2025-11-16,20.0,14.8,28.0,32.4,24.0,101.59026484016852,0.062178333775420036,112.579775
2025-11-23,14.0,12.2,21.6,28.6,19.2,101.69629845467901,0.062139696347585094,113.13432
2025-11-30,18.2,18.8,31.2,38.2,26.8,101.80233206918949,0.06210110690834103,113.074475
2025-12-07,18.2,17.2,30.6,38.6,27.4,101.90836568369998,0.062062565368270484,112.27002
2025-12-14,17.0,15.4,24.6,32.2,25.0,101.99296934877623,0.05759141775592003,111.74354000000001
2025-12-21,12.8,12.0,16.8,27.6,20.6,102.07757301385247,0.05755826913271811,111.2859
2025-12-28,12.8,13.6,19.2,34.2,24.6,102.16217667892872,0.057525158647053765,110.92535
2026-01-04,15.8,18.0,26.8,36.8,30.2,102.24678034400496,0.0574920862332462,111.03845000000001
2026-01-11,17.2,18.4,28.0,43.8,30.8,102.26031166174971,0.12633037086957621,111.66872000000001
2026-01-18,17.6,20.0,29.2,40.2,31.0,102.27384297949448,0.12617097860438964,112.15522000000001
2026-01-25,18.2,21.0,31.2,39.2,40.8,102.28737429723923,0.1260119880459154,111.270925
2026-02-01,19.6,20.0,40.4,43.2,41.4,102.30090561498398,0.12585339767747783,109.25540000000001
2026-02-08,16.4,17.8,33.4,44.0,39.6,102.14215776606207,0.15770858373003183,110.26178
2026-02-15,17.8,17.4,36.4,46.6,38.4,101.98340991714015,0.15746025539131736,109.46354000000001
2026-02-22,18.2,19.4,41.4,49.2,39.4,101.82466206821823,0.15721270786004382,110.2728
2026-03-01,20.2,25.4,40.8,52.8,31.6,101.66591421929633,0.15696593745933018,110.30596
