date,SHOCK_Index,VOL_Base_Index,MDI_Index,LEARN_Index,ESCAPE_Index,z_SHOCK_Index,z_VOL_Base_Index,z_MDI_Index,z_LEARN_Index,z_ESCAPE_Index
2021-12-26,0.2,26.6,22.8,33.0,21.0,-0.7222638318264015,3.521055221438998,0.46378367262570036,2.9895296673472513,0.06063527232880112
2022-01-02,0.2,19.8,25.0,38.6,23.4,-0.7222638318264015,2.2913821167602606,0.9208295679251193,3.9636812930670313,0.7365029103368481
2022-01-09,0.0,12.8,21.8,27.4,18.4,-0.7467810444663804,1.02554215606156,0.2560355383986917,2.015378041627472,-0.671554668846584
2022-01-16,0.0,6.6,17.6,18.4,15.4,-0.7467810444663804,-0.09563038055728916,-0.6165066253547444,0.4497772145778258,-1.5163892163566428
2022-01-23,0.0,4.8,11.6,11.8,17.0,-0.7467810444663804,-0.42113208473695496,-1.8629954307167966,-0.698330058591914,-1.0658107910179446
2022-01-30,0.0,0.0,9.4,5.0,7.8,-0.7467810444663804,-1.2891366292160638,-2.3200413260162156,-1.8812284612516466,-3.6566367367154595
2022-02-06,0.0,0.0,13.2,12.6,22.6,-0.7467810444663804,-1.2891366292160638,-1.530598415953583,-0.5591655406319457,0.5112136976674998
2022-02-13,0.0,2.2,15.4,16.6,21.6,-0.7467810444663804,-0.8913012129964721,-1.0735525206541636,0.13665704916789717,0.22960218183081338
2022-02-20,0.0,6.6,17.6,17.8,23.2,-0.7467810444663804,-0.09563038055728916,-0.6165066253547444,0.3454038261078498,0.680180607169511
2022-02-27,0.0,7.2,18.4,21.4,25.8,-0.7467810444663804,0.012870187502599549,-0.45030811797313813,0.9716441569277078,1.412370548344896
2022-03-06,0.0,14.0,22.2,26.0,25.6,-0.7467810444663804,1.242543292181337,0.3391347920894949,1.771840135197527,1.356048245177559
2022-03-13,0.2,16.0,31.4,30.2,29.0,-0.7222638318264015,1.6042118523809659,2.250417626977974,2.5024538544873614,2.3135273990222927
2022-03-20,0.0,10.4,27.8,26.2,28.4,-0.7467810444663804,0.5915398838220055,1.5025243437607436,1.806631264687519,2.14456048952028
2022-03-27,0.0,12.2,21.8,23.0,26.0,-0.7467810444663804,0.9170415880016711,0.2560355383986917,1.249973192847645,1.4686928515122333
2022-04-03,0.0,10.0,21.6,20.8,24.0,-0.7467810444663804,0.5192061717820797,0.21448591155329014,0.8672707684577318,0.9054698198388604
2022-04-10,0.0,5.2,22.0,21.0,23.2,-0.7467810444663804,-0.3487983726970291,0.2975851652440933,0.9020618979477237,0.680180607169511
2022-04-17,0.0,9.6,23.0,22.8,23.6,-0.7467810444663804,0.4468724597421539,0.505333299471102,1.215182063357653,0.7928252135041862
2022-04-24,0.0,9.6,22.0,22.8,23.8,-0.7467810444663804,0.4468724597421539,0.2975851652440933,1.215182063357653,0.8491475166715233
2022-05-01,0.0,8.6,21.0,22.8,23.0,-0.7467810444663804,0.26603817964233956,0.08983703101708464,1.215182063357653,0.623858304002174
2022-05-08,0.0,8.4,22.4,21.6,24.0,-0.7467810444663804,0.2298713236223768,0.38068441893489646,1.0064352864177004,0.9054698198388604
2022-05-15,0.0,2.0,21.0,15.6,20.0,-0.7467810444663804,-0.9274680690164351,0.08983703101708464,-0.03729859828206379,-0.2209762435078853
2022-05-22,0.0,0.0,18.6,11.6,18.2,-0.7467810444663804,-1.2891366292160638,-0.4087584911277358,-0.7331211880819064,-0.7278769720139211
2022-05-29,0.0,3.0,16.0,12.0,21.0,-0.7467810444663804,-0.7466337889166207,-0.9489036401179586,-0.663538929101922,0.06063527232880112
2022-06-05,0.0,4.8,17.2,12.0,19.2,-0.7467810444663804,-0.42113208473695496,-0.6996058790455484,-0.663538929101922,-0.4462654561772346
2022-06-12,0.0,3.6,19.8,11.0,17.4,-0.7467810444663804,-0.6381332208567321,-0.1594607300553256,-0.8374945765518826,-0.9531661846832704
2022-06-19,0.0,0.0,19.0,10.2,19.2,-0.7467810444663804,-1.2891366292160638,-0.32565923743693265,-0.9766590945118513,-0.4462654561772346
2022-06-26,0.0,0.0,14.8,10.2,19.0,-0.7467810444663804,-1.2891366292160638,-1.1982014011903688,-0.9766590945118513,-0.5025877593445718
2022-07-03,0.0,0.0,13.4,9.4,18.0,-0.7467810444663804,-1.2891366292160638,-1.489048789108181,-1.1158236124718197,-0.7841992751812582
2022-07-10,0.0,0.0,16.0,8.0,17.2,-0.7467810444663804,-1.2891366292160638,-0.9489036401179586,-1.3593615189017647,-1.0094884878506074
2022-07-17,0.0,0.0,18.0,7.6,17.8,-0.7467810444663804,-1.2891366292160638,-0.5334073716639413,-1.4289437778817489,-0.8405215783485952
2022-07-24,0.0,0.0,17.8,8.2,17.6,-0.7467810444663804,-1.2891366292160638,-0.5749569985093429,-1.3245703894117726,-0.8968438815159323
2022-07-31,0.0,0.0,16.6,8.0,17.6,-0.7467810444663804,-1.2891366292160638,-0.8242547595817531,-1.3593615189017647,-0.8968438815159323
2022-08-07,0.0,0.0,13.4,8.0,16.0,-0.7467810444663804,-1.2891366292160638,-1.489048789108181,-1.3593615189017647,-1.347422306854631
2022-08-14,0.0,0.0,17.4,8.0,17.6,-0.7467810444663804,-1.2891366292160638,-0.6580562522001467,-1.3593615189017647,-0.8968438815159323
2022-08-21,0.0,0.0,16.8,7.4,17.2,-0.7467810444663804,-1.2891366292160638,-0.7827051327363516,-1.463734907371741,-1.0094884878506074
2022-08-28,0.0,0.0,15.8,6.4,16.2,-0.7467810444663804,-1.2891366292160638,-0.9904532669633602,-1.6376905548217016,-1.291100003687294
2022-09-04,0.0,0.0,17.6,9.4,17.8,-0.7467810444663804,-1.2891366292160638,-0.6165066253547444,-1.1158236124718197,-0.8405215783485952
2022-09-11,0.0,0.0,16.0,12.4,17.4,-0.7467810444663804,-1.2891366292160638,-0.9489036401179586,-0.5939566701219378,-0.9531661846832704
2022-09-18,0.0,5.0,20.6,12.6,18.0,-0.7467810444663804,-0.38496522871699207,0.006737777326281477,-0.5591655406319457,-0.7841992751812582
2022-09-25,0.0,4.8,17.4,13.0,19.0,-0.7467810444663804,-0.42113208473695496,-0.6580562522001467,-0.4895832816519614,-0.5025877593445718
2022-10-02,0.0,2.8,17.2,12.8,19.8,-0.7467810444663804,-0.7828006449365836,-0.6996058790455484,-0.5243744111419534,-0.2772985466752224
2022-10-09,0.0,4.4,21.4,15.4,18.8,-0.7467810444663804,-0.49346579677688057,0.1729362847078878,-0.0720897277720558,-0.5589100625119088
2022-10-16,0.0,19.8,18.8,16.2,16.6,-0.7467810444663804,2.2913821167602606,-0.36720886428233424,0.06707479018791253,-1.1784553973526188
2022-10-23,0.0,26.4,22.8,22.0,20.8,-0.7467810444663804,3.4848883654190344,0.46378367262570036,1.0760175453976843,0.004312969161464034
2022-10-30,0.0,21.4,23.6,25.0,22.2,-0.7467810444663804,2.580716964919963,0.6299821800073074,1.5978844877475662,0.39856909133282464
2022-11-06,0.0,20.6,22.8,20.2,20.6,-0.7467810444663804,2.436049540840112,0.46378367262570036,0.7628973799877551,-0.05200933400587305
2022-11-13,0.0,12.2,17.6,14.0,18.6,-0.7467810444663804,0.9170415880016711,-0.6165066253547444,-0.31562763420200074,-0.6152323656792459
2022-11-20,0.0,9.2,16.6,12.2,14.4,-0.7467810444663804,0.37453874770222806,-0.8242547595817531,-0.6287477996119301,-1.7980007321933291
2022-11-27,0.0,10.6,14.6,12.6,16.6,-0.7467810444663804,0.6277067398419682,-1.2397510280357709,-0.5591655406319457,-1.1784553973526188
2022-12-04,0.2,9.2,15.4,14.0,16.4,-0.7222638318264015,0.37453874770222806,-1.0735525206541636,-0.31562763420200074,-1.2347777005199567
2022-12-11,0.2,12.4,17.8,17.6,17.6,-0.7222638318264015,0.9532084440216342,-0.5749569985093429,0.3106126966178578,-0.8968438815159323
2022-12-18,0.2,13.2,23.2,23.4,18.8,-0.7222638318264015,1.0978758681014855,0.5468829263165035,1.3195554518276291,-0.5589100625119088
2022-12-25,0.2,12.0,19.2,24.0,20.6,-0.7222638318264015,0.8808747319817084,-0.28410961059153106,1.4239288402976056,-0.05200933400587305
2023-01-01,0.2,9.2,17.8,14.8,16.4,-0.7222638318264015,0.37453874770222806,-0.5749569985093429,-0.17646311624203212,-1.2347777005199567
2023-01-08,0.4,2.4,13.8,8.8,16.4,-0.6977466191864228,-0.8551343569765093,-1.4059495354173774,-1.220197000941796,-1.2347777005199567
2023-01-15,0.2,0.0,10.4,4.8,20.8,-0.7222638318264015,-1.2891366292160638,-2.112293191789207,-1.9160195907416386,0.004312969161464034
2023-01-22,0.6,0.0,14.4,5.8,15.2,-0.673229406546444,-1.2891366292160638,-1.2813006548811723,-1.7420639432916778,-1.5727115195239803
2023-01-29,5.4,5.4,14.0,10.8,25.6,-0.08481630318695338,-0.31263151667706623,-1.3643999085719758,-0.8722857060418747,1.356048245177559
2023-02-05,4.2,13.2,16.2,12.4,22.6,-0.23191957902682606,1.0978758681014855,-0.907354013272557,-0.5939566701219378,0.5112136976674998
2023-02-12,2.0,8.6,16.0,12.6,21.2,-0.5016089180665926,0.26603817964233956,-0.9489036401179586,-0.5591655406319457,0.11695757549613821
2023-02-19,1.6,15.2,22.6,14.6,24.0,-0.5506433433465502,1.459544428301114,0.4222340457802988,-0.21125424573202442,0.9054698198388604
2023-02-26,1.2,7.2,20.8,15.2,27.2,-0.5996777686265077,0.012870187502599549,0.04828740417168306,-0.10688085726204812,1.8066266705162568
2023-03-05,1.0,9.4,21.8,17.8,24.2,-0.6241949812664864,0.41070560372219117,0.2560355383986917,0.3454038261078498,0.9617921230061974
2023-03-12,1.0,11.8,28.6,20.2,26.2,-0.6241949812664864,0.8447078759617457,1.6687228511423506,0.7628973799877551,1.5250151546795703
2023-03-19,1.0,9.6,24.0,18.6,28.6,-0.6241949812664864,0.4468724597421539,0.7130814336981106,0.48456834406781846,2.200882792687618
2023-03-26,1.0,13.8,22.8,17.4,27.4,-0.6241949812664864,1.2063764361613742,0.46378367262570036,0.27582156712786515,1.8629489736835938
2023-04-02,1.0,8.8,21.4,17.2,24.0,-0.6241949812664864,0.3022050356623026,0.1729362847078878,0.24103043763787318,0.9054698198388604
2023-04-09,1.0,10.2,23.2,17.2,24.0,-0.6241949812664864,0.5553730278020425,0.5468829263165035,0.24103043763787318,0.9054698198388604
2023-04-16,1.0,10.8,26.6,20.2,24.8,-0.6241949812664864,0.6638735958619313,1.2532265826883333,0.7628973799877551,1.1307590325082097
2023-04-23,0.8,12.4,27.4,20.8,24.8,-0.6487121939064653,0.9532084440216342,1.4194250900699397,0.8672707684577318,1.1307590325082097
2023-04-30,0.8,13.6,22.2,18.0,23.2,-0.6487121939064653,1.1702095801414112,0.3391347920894949,0.38019495559784183,0.680180607169511
2023-05-07,0.8,13.4,22.8,20.2,24.4,-0.6487121939064653,1.1340427241214486,0.46378367262570036,0.7628973799877551,1.0181144261735346
2023-05-14,0.8,9.6,24.8,15.0,21.8,-0.6487121939064653,0.4468724597421539,0.8792799410797176,-0.14167198675204012,0.2859244849981505
2023-05-21,1.0,9.0,18.4,13.6,20.4,-0.6241949812664864,0.33837189168226534,-0.45030811797313813,-0.38520989318198506,-0.10833163717321113
2023-05-28,0.8,6.8,18.0,12.8,20.6,-0.6487121939064653,-0.05946352453732626,-0.5334073716639413,-0.5243744111419534,-0.05200933400587305
2023-06-04,0.8,7.2,21.2,13.6,19.8,-0.6487121939064653,0.012870187502599549,0.1313866578624862,-0.38520989318198506,-0.2772985466752224
2023-06-11,0.8,6.4,16.0,12.4,20.0,-0.6487121939064653,-0.1317972365772519,-0.9489036401179586,-0.5939566701219378,-0.2209762435078853
2023-06-18,0.8,2.0,17.0,12.0,18.6,-0.6487121939064653,-0.9274680690164351,-0.7411555058909499,-0.663538929101922,-0.6152323656792459
2023-06-25,0.8,2.8,16.8,10.4,20.8,-0.6487121939064653,-0.7828006449365836,-0.7827051327363516,-0.941867965021859,0.004312969161464034
2023-07-02,0.6,0.0,17.0,8.8,19.6,-0.673229406546444,-1.2891366292160638,-0.7411555058909499,-1.220197000941796,-0.33362084984255946
2023-07-09,0.8,4.2,19.0,7.8,19.4,-0.6487121939064653,-0.5296326527968435,-0.32565923743693265,-1.3941526483917566,-0.38994315300989757
2023-07-16,0.6,0.0,13.6,9.0,18.2,-0.673229406546444,-1.2891366292160638,-1.4474991622627795,-1.1854058714518039,-0.7278769720139211
2023-07-23,0.8,3.4,17.6,8.6,18.4,-0.6487121939064653,-0.674300076876695,-0.6165066253547444,-1.2549881304317883,-0.671554668846584
2023-07-30,0.6,3.2,15.8,7.2,19.0,-0.673229406546444,-0.7104669328966579,-0.9904532669633602,-1.4985260368617332,-0.5025877593445718
2023-08-06,0.6,5.8,23.0,8.2,18.8,-0.673229406546444,-0.2402978046371406,0.505333299471102,-1.3245703894117726,-0.5589100625119088
2023-08-13,0.6,0.0,21.4,8.8,19.6,-0.673229406546444,-1.2891366292160638,0.1729362847078878,-1.220197000941796,-0.33362084984255946
2023-08-20,0.8,0.0,18.0,10.4,17.8,-0.6487121939064653,-1.2891366292160638,-0.5334073716639413,-0.941867965021859,-0.8405215783485952
2023-08-27,0.6,0.0,11.6,9.0,18.6,-0.673229406546444,-1.2891366292160638,-1.8629954307167966,-1.1854058714518039,-0.6152323656792459
2023-09-03,0.6,3.0,18.8,10.2,18.8,-0.673229406546444,-0.7466337889166207,-0.36720886428233424,-0.9766590945118513,-0.5589100625119088
2023-09-10,0.8,3.0,17.6,12.6,18.6,-0.6487121939064653,-0.7466337889166207,-0.6165066253547444,-0.5591655406319457,-0.6152323656792459
2023-09-17,1.0,2.8,20.6,13.2,18.6,-0.6241949812664864,-0.7828006449365836,0.006737777326281477,-0.4547921521619694,-0.6152323656792459
2023-09-24,1.0,6.8,18.6,13.4,18.6,-0.6241949812664864,-0.05946352453732626,-0.4087584911277358,-0.4200010226719771,-0.6152323656792459
2023-10-01,1.0,8.2,18.6,13.6,18.8,-0.6241949812664864,0.19370446760241375,-0.4087584911277358,-0.38520989318198506,-0.5589100625119088
2023-10-08,1.0,8.0,20.8,15.6,18.2,-0.6241949812664864,0.157537611582451,0.04828740417168306,-0.03729859828206379,-0.7278769720139211
2023-10-15,1.0,7.8,21.0,15.6,18.4,-0.6241949812664864,0.1213707555624881,0.08983703101708464,-0.03729859828206379,-0.671554668846584
2023-10-22,1.2,8.6,23.0,19.4,19.4,-0.5996777686265077,0.26603817964233956,0.505333299471102,0.6237328620277864,-0.38994315300989757
2023-10-29,1.2,15.4,24.4,19.4,20.8,-0.5996777686265077,1.4957112843210771,0.7961806873889138,0.6237328620277864,0.004312969161464034
2023-11-05,1.2,7.4,24.0,16.4,19.2,-0.5996777686265077,0.049037043522562454,0.7130814336981106,0.10186591967790454,-0.4462654561772346
2023-11-12,1.0,4.4,22.8,13.4,17.0,-0.6241949812664864,-0.49346579677688057,0.46378367262570036,-0.4200010226719771,-1.0658107910179446
2023-11-19,1.0,4.8,20.6,12.8,16.8,-0.6241949812664864,-0.42113208473695496,0.006737777326281477,-0.5243744111419534,-1.1221330941852816
2023-11-26,1.0,4.0,20.8,13.6,18.0,-0.6241949812664864,-0.5657995088168064,0.04828740417168306,-0.38520989318198506,-0.7841992751812582
2023-12-03,1.4,5.8,20.0,14.0,16.4,-0.5751605559865288,-0.2402978046371406,-0.11791110320992401,-0.31562763420200074,-1.2347777005199567
2023-12-10,1.2,12.0,22.6,16.6,17.6,-0.5996777686265077,0.8808747319817084,0.4222340457802988,0.13665704916789717,-0.8968438815159323
2023-12-17,1.2,7.4,19.6,18.0,17.6,-0.5996777686265077,0.049037043522562454,-0.20101035690072716,0.38019495559784183,-0.8968438815159323
2023-12-24,1.0,6.8,21.6,18.4,17.4,-0.6241949812664864,-0.05946352453732626,0.21448591155329014,0.4497772145778258,-0.9531661846832704
2023-12-31,1.0,0.0,21.2,13.6,16.8,-0.6241949812664864,-1.2891366292160638,0.1313866578624862,-0.38520989318198506,-1.1221330941852816
2024-01-07,1.0,3.8,16.2,10.4,15.8,-0.6241949812664864,-0.6019663648367692,-0.907354013272557,-0.941867965021859,-1.4037446100219682
2024-01-14,1.0,2.6,14.0,10.6,16.8,-0.6241949812664864,-0.8189675009565466,-1.3643999085719758,-0.907076835531867,-1.1221330941852816
2024-01-21,1.0,5.6,16.6,11.8,16.0,-0.6241949812664864,-0.2764646606571035,-0.8242547595817531,-0.698330058591914,-1.347422306854631
2024-01-28,0.8,0.0,16.0,9.4,19.6,-0.6487121939064653,-1.2891366292160638,-0.9489036401179586,-1.1158236124718197,-0.33362084984255946
2024-02-04,0.6,0.0,10.8,4.2,15.0,-0.673229406546444,-1.2891366292160638,-2.0291939380984036,-2.020392979211615,-1.6290338226913175
2024-02-11,1.0,0.0,10.8,6.0,18.0,-0.6241949812664864,-1.2891366292160638,-2.0291939380984036,-1.707272813801686,-0.7841992751812582
2024-02-18,1.8,9.0,17.6,12.2,24.0,-0.5261261307065714,0.33837189168226534,-0.6165066253547444,-0.6287477996119301,0.9054698198388604
2024-02-25,2.2,0.0,18.8,14.8,24.8,-0.4770917054266138,-1.2891366292160638,-0.36720886428233424,-0.17646311624203212,1.1307590325082097
2024-03-03,2.4,10.4,21.0,16.0,21.2,-0.45257449278663503,0.5915398838220055,0.08983703101708464,0.032283660697920526,0.11695757549613821
2024-03-10,2.6,13.2,23.6,19.8,24.2,-0.4280572801466562,1.0978758681014855,0.6299821800073074,0.693315121007771,0.9617921230061974
2024-03-17,2.6,2.4,27.0,20.0,28.4,-0.4280572801466562,-0.8551343569765093,1.3363258363791366,0.7281062504977631,2.14456048952028
2024-03-24,2.8,5.8,21.6,15.8,24.4,-0.40354006750667754,-0.2402978046371406,0.21448591155329014,-0.0025074687920714793,1.0181144261735346
2024-03-31,2.8,8.8,22.0,15.0,21.8,-0.40354006750667754,0.3022050356623026,0.2975851652440933,-0.14167198675204012,0.2859244849981505
2024-04-07,2.8,10.6,21.4,16.8,23.4,-0.40354006750667754,0.6277067398419682,0.1729362847078878,0.17144817865788917,0.7365029103368481
2024-04-14,2.6,7.0,22.0,17.0,22.8,-0.4280572801466562,-0.023296668517363353,0.2975851652440933,0.20623930814788116,0.5675360008348369
2024-04-21,2.6,9.8,24.2,19.2,27.0,-0.4280572801466562,0.48303931576211695,0.7546310605435121,0.5889417325377945,1.7503043673489196
2024-04-28,2.2,8.2,19.6,17.4,26.0,-0.4770917054266138,0.19370446760241375,-0.20101035690072716,0.27582156712786515,1.4686928515122333
2024-05-05,2.8,6.6,25.2,22.2,27.4,-0.40354006750667754,-0.09563038055728916,0.9623791947705208,1.1108086748876764,1.8629489736835938
2024-05-12,3.4,6.8,21.6,17.2,25.4,-0.3299884295867412,-0.05946352453732626,0.21448591155329014,0.24103043763787318,1.299725942010221
2024-05-19,3.6,6.2,18.6,14.2,21.4,-0.3054712169467624,-0.1679640925972148,-0.4087584911277358,-0.28083650471200877,0.1732798786634753
2024-05-26,3.0,3.4,21.0,13.4,20.8,-0.37902285486669873,-0.674300076876695,0.08983703101708464,-0.4200010226719771,0.004312969161464034
2024-06-02,3.2,2.6,18.4,12.2,20.8,-0.35450564222671993,-0.8189675009565466,-0.45030811797313813,-0.6287477996119301,0.004312969161464034
2024-06-09,3.0,3.2,22.6,13.4,20.8,-0.37902285486669873,-0.7104669328966579,0.4222340457802988,-0.4200010226719771,0.004312969161464034
2024-06-16,2.8,3.4,19.0,11.0,17.6,-0.40354006750667754,-0.674300076876695,-0.32565923743693265,-0.8374945765518826,-0.8968438815159323
2024-06-23,3.0,0.0,16.8,10.2,19.4,-0.37902285486669873,-1.2891366292160638,-0.7827051327363516,-0.9766590945118513,-0.38994315300989757
2024-06-30,3.0,0.0,16.6,8.6,18.2,-0.37902285486669873,-1.2891366292160638,-0.8242547595817531,-1.2549881304317883,-0.7278769720139211
2024-07-07,3.0,0.0,19.2,8.8,18.4,-0.37902285486669873,-1.2891366292160638,-0.28410961059153106,-1.220197000941796,-0.671554668846584
2024-07-14,2.8,3.2,17.4,10.4,17.8,-0.40354006750667754,-0.7104669328966579,-0.6580562522001467,-0.941867965021859,-0.8405215783485952
2024-07-21,3.0,3.0,15.6,9.8,18.2,-0.37902285486669873,-0.7466337889166207,-1.0320028938087622,-1.0462413534918353,-0.7278769720139211
2024-07-28,2.8,2.6,19.8,8.8,20.0,-0.40354006750667754,-0.8189675009565466,-0.1594607300553256,-1.220197000941796,-0.2209762435078853
2024-08-04,3.0,0.0,19.6,9.2,19.0,-0.37902285486669873,-1.2891366292160638,-0.20101035690072716,-1.150614741961812,-0.5025877593445718
2024-08-11,3.4,0.0,18.0,10.0,19.2,-0.3299884295867412,-1.2891366292160638,-0.5334073716639413,-1.0114502240018433,-0.4462654561772346
2024-08-18,3.8,3.0,17.4,11.0,17.4,-0.28095400430678363,-0.7466337889166207,-0.6580562522001467,-0.8374945765518826,-0.9531661846832704
2024-08-25,3.6,0.0,17.6,10.6,20.2,-0.3054712169467624,-1.2891366292160638,-0.6165066253547444,-0.907076835531867,-0.16465394034054823
2024-09-01,3.2,0.0,12.6,10.2,17.4,-0.35450564222671993,-1.2891366292160638,-1.6552472964897882,-0.9766590945118513,-0.9531661846832704
2024-09-08,5.0,8.4,16.8,15.2,19.8,-0.13385072846691098,0.2298713236223768,-0.7827051327363516,-0.10688085726204812,-0.2772985466752224
2024-09-15,5.8,7.2,22.2,16.2,18.8,-0.0357818779069959,0.012870187502599549,0.3391347920894949,0.06707479018791253,-0.5589100625119088
2024-09-22,6.2,2.6,23.4,15.6,20.2,0.013252547372961691,-0.8189675009565466,0.5884325531619051,-0.03729859828206379,-0.16465394034054823
2024-09-29,6.2,10.0,22.0,16.6,19.6,0.013252547372961691,0.5192061717820797,0.2975851652440933,0.13665704916789717,-0.33362084984255946
2024-10-06,6.2,6.4,20.8,17.2,18.8,0.013252547372961691,-0.1317972365772519,0.04828740417168306,0.24103043763787318,-0.5589100625119088
2024-10-13,6.8,8.6,25.4,19.0,19.8,0.08680418529289798,0.26603817964233956,1.0039288216159223,0.5541506030478025,-0.2772985466752224
2024-10-20,7.0,11.6,28.2,24.2,19.8,0.11132139793287676,0.8085410199417826,1.5856235974515467,1.4587199697875977,-0.2772985466752224
2024-10-27,7.6,19.8,26.4,27.8,22.8,0.18487303585281303,2.2913821167602606,1.211676955842931,2.0849603006074564,0.5675360008348369
2024-11-03,7.6,13.0,29.0,24.8,21.2,0.18487303585281303,1.0617090120815227,1.751822104833154,1.5630933582575743,0.11695757549613821
2024-11-10,7.4,4.8,25.8,19.8,18.6,0.16035582321283437,-0.42113208473695496,1.0870280753067263,0.693315121007771,-0.6152323656792459
2024-11-17,7.4,8.6,25.4,15.8,17.6,0.16035582321283437,0.26603817964233956,1.0039288216159223,-0.0025074687920714793,-0.8968438815159323
2024-11-24,7.8,6.4,25.8,17.8,19.8,0.20939024849279184,-0.1317972365772519,1.0870280753067263,0.3454038261078498,-0.2772985466752224
2024-12-01,7.6,10.2,22.2,17.4,19.0,0.18487303585281303,0.5553730278020425,0.3391347920894949,0.27582156712786515,-0.5025877593445718
2024-12-08,8.6,3.4,26.0,20.6,19.4,0.3074590990527069,-0.674300076876695,1.128577702152128,0.8324796389677397,-0.38994315300989757
2024-12-15,8.0,13.4,21.0,22.4,19.0,0.23390746113277064,1.1340427241214486,0.08983703101708464,1.1455998043776683,-0.5025877593445718
2024-12-22,7.6,10.4,24.2,25.0,21.6,0.18487303585281303,0.5915398838220055,0.7546310605435121,1.5978844877475662,0.22960218183081338
2024-12-29,6.4,7.0,25.8,20.8,21.6,0.03776976001294049,-0.023296668517363353,1.0870280753067263,0.8672707684577318,0.22960218183081338
2025-01-05,6.2,7.0,16.4,17.2,19.0,0.013252547372961691,-0.023296668517363353,-0.8658043864271554,0.24103043763787318,-0.5025877593445718
2025-01-12,5.8,4.6,19.0,12.8,19.4,-0.0357818779069959,-0.45729894075691785,-0.32565923743693265,-0.5243744111419534,-0.38994315300989757
2025-01-19,4.4,0.0,11.6,8.0,22.6,-0.20740236638684725,-1.2891366292160638,-1.8629954307167966,-1.3593615189017647,0.5112136976674998
2025-01-26,3.4,0.0,10.0,4.8,10.6,-0.3299884295867412,-1.2891366292160638,-2.1953924454800107,-1.9160195907416386,-2.8681244923727376
2025-02-02,5.8,6.8,13.8,11.2,24.8,-0.0357818779069959,-0.05946352453732626,-1.4059495354173774,-0.8027034470618907,1.1307590325082097
2025-02-09,7.6,15.2,17.6,15.0,26.2,0.18487303585281303,1.459544428301114,-0.6165066253547444,-0.14167198675204012,1.5250151546795703
2025-02-16,8.4,19.2,19.6,15.2,23.2,0.2829418864127282,2.1828815487003714,-0.20101035690072716,-0.10688085726204812,0.680180607169511
2025-02-23,8.8,12.0,17.0,15.8,25.0,0.3319763116926858,0.8808747319817084,-0.7411555058909499,-0.0025074687920714793,1.1870813356755467
2025-03-02,9.0,9.2,20.2,17.8,25.2,0.3564935243326645,0.37453874770222806,-0.07636147636452242,0.3454038261078498,1.243403638842884
2025-03-09,9.4,7.6,23.6,20.6,26.4,0.4055279496126221,0.08520389954252519,0.6299821800073074,0.8324796389677397,1.5813374578469075
2025-03-16,10.0,10.4,23.6,21.2,29.8,0.47907958753255836,0.5915398838220055,0.6299821800073074,0.9368530274377157,2.538816611691642
2025-03-23,12.0,10.8,21.4,18.6,29.0,0.7242517139323461,0.6638735958619313,0.1729362847078878,0.48456834406781846,2.3135273990222927
2025-03-30,13.2,9.6,21.0,15.4,25.2,0.8713549897722187,0.4468724597421539,0.08983703101708464,-0.0720897277720558,1.243403638842884
2025-04-06,13.6,7.8,22.2,15.2,21.2,0.9203894150521763,0.1213707555624881,0.3391347920894949,-0.10688085726204812,0.11695757549613821
2025-04-13,13.4,12.4,20.2,17.2,22.4,0.8958722024121976,0.9532084440216342,-0.07636147636452242,0.24103043763787318,0.4548913945001617
2025-04-20,12.0,10.0,21.8,18.2,23.6,0.7242517139323461,0.5192061717820797,0.2560355383986917,0.4149860850878338,0.7928252135041862
2025-04-27,9.0,8.0,14.0,15.2,18.4,0.3564935243326645,0.157537611582451,-1.3643999085719758,-0.10688085726204812,-0.671554668846584
2025-05-04,12.0,9.2,20.8,20.8,26.2,0.7242517139323461,0.37453874770222806,0.04828740417168306,0.8672707684577318,1.5250151546795703
2025-05-11,11.8,9.4,20.0,16.2,22.0,0.6997345012923675,0.41070560372219117,-0.11791110320992401,0.06707479018791253,0.34224678816548754
2025-05-18,14.2,2.8,16.6,13.6,20.8,0.9939410529721125,-0.7828006449365836,-0.8242547595817531,-0.38520989318198506,0.004312969161464034
2025-05-25,15.2,6.6,19.6,12.6,19.6,1.1165271161720065,-0.09563038055728916,-0.20101035690072716,-0.5591655406319457,-0.33362084984255946
2025-06-01,15.6,7.0,16.6,12.2,20.0,1.165561541451964,-0.023296668517363353,-0.8242547595817531,-0.6287477996119301,-0.2209762435078853
2025-06-08,13.0,3.2,18.4,12.6,19.8,0.84683777713224,-0.7104669328966579,-0.45030811797313813,-0.5591655406319457,-0.2772985466752224
2025-06-15,11.2,5.2,19.4,13.2,18.4,0.6261828633724309,-0.3487983726970291,-0.2425599837461295,-0.4547921521619694,-0.671554668846584
2025-06-22,10.8,0.0,16.6,13.2,19.8,0.5771484380924735,-1.2891366292160638,-0.8242547595817531,-0.4547921521619694,-0.2772985466752224
2025-06-29,11.6,8.2,17.4,12.8,21.6,0.6752172886523885,0.19370446760241375,-0.6580562522001467,-0.5243744111419534,0.22960218183081338
2025-07-06,12.6,0.0,16.6,12.4,23.2,0.7978033518522823,-1.2891366292160638,-0.8242547595817531,-0.5939566701219378,0.680180607169511
2025-07-13,13.8,9.4,18.6,16.0,22.6,0.9449066276921552,0.41070560372219117,-0.4087584911277358,0.032283660697920526,0.5112136976674998
2025-07-20,13.4,0.0,19.4,15.6,22.2,0.8958722024121976,-1.2891366292160638,-0.2425599837461295,-0.03729859828206379,0.39856909133282464
2025-07-27,13.6,5.2,21.0,15.0,24.2,0.9203894150521763,-0.3487983726970291,0.08983703101708464,-0.14167198675204012,0.9617921230061974
2025-08-03,16.8,4.8,20.6,15.4,27.2,1.3126648172918367,-0.42113208473695496,0.006737777326281477,-0.0720897277720558,1.8066266705162568
2025-08-10,15.4,7.8,21.2,15.0,27.4,1.1410443288119854,0.1213707555624881,0.1313866578624862,-0.14167198675204012,1.8629489736835938
2025-08-17,14.4,4.6,21.2,15.8,24.6,1.0184582656120915,-0.45729894075691785,0.1313866578624862,-0.0025074687920714793,1.0744367293408728
2025-08-24,14.0,3.6,22.8,16.2,22.0,0.9694238403321339,-0.6381332208567321,0.46378367262570036,0.06707479018791253,0.34224678816548754
2025-08-31,15.0,3.2,16.6,13.8,20.8,1.0920099035320276,-0.7104669328966579,-0.8242547595817531,-0.35041876369199276,0.004312969161464034
2025-09-07,18.2,0.0,22.2,20.2,23.0,1.484285305771688,-1.2891366292160638,0.3391347920894949,0.7628973799877551,0.623858304002174
2025-09-14,23.0,6.4,24.4,19.2,23.0,2.0726984091311786,-0.1317972365772519,0.7961806873889138,0.5889417325377945,0.623858304002174
2025-09-21,27.8,5.6,27.8,21.4,22.2,2.6611115124906695,-0.2764646606571035,1.5025243437607436,0.9716441569277078,0.39856909133282464
2025-09-28,25.6,16.4,25.2,20.6,22.0,2.391422173450903,1.6765455644208913,0.9623791947705208,0.8324796389677397,0.34224678816548754
2025-10-05,26.0,7.4,29.4,21.8,21.2,2.44045659873086,0.049037043522562454,1.834921358523957,1.0412264159076923,0.11695757549613821
2025-10-12,24.8,10.4,30.4,23.2,21.4,2.293353322890988,0.5915398838220055,2.0426694927509654,1.284764322337637,0.1732798786634753
2025-10-19,24.4,17.2,26.6,25.4,20.2,2.2443188976110298,1.8212129885007429,1.2532265826883333,1.6674667467275504,-0.16465394034054823
2025-10-26,23.8,21.4,33.4,29.2,23.0,2.170767259691094,2.580716964919963,2.6659138954319914,2.3284982070374007,0.623858304002174
2025-11-02,24.8,17.6,39.2,29.2,22.6,2.293353322890988,1.893546700540669,3.8708530739486426,2.3284982070374007,0.5112136976674998
2025-11-09,24.6,12.6,29.4,25.4,22.2,2.268836110251009,0.9893753000415969,1.834921358523957,1.6674667467275504,0.39856909133282464
2025-11-16,24.4,8.4,28.8,22.2,18.4,2.2443188976110298,0.2298713236223768,1.7102724779877523,1.1108086748876764,-0.671554668846584
2025-11-23,24.2,14.4,24.4,22.8,18.6,2.2198016849710513,1.314877004221263,0.7961806873889138,1.215182063357653,-0.6152323656792459
2025-11-30,25.0,12.4,27.6,22.6,20.2,2.3178705355309663,0.9532084440216342,1.460974716915342,1.180390933867661,-0.16465394034054823
2025-12-07,25.0,13.6,27.2,23.2,19.6,2.3178705355309663,1.1702095801414112,1.377875463224538,1.284764322337637,-0.33362084984255946
2025-12-14,23.8,16.4,28.8,24.6,20.2,2.170767259691094,1.6765455644208913,1.7102724779877523,1.5283022287675823,-0.16465394034054823
2025-12-21,24.8,13.2,33.6,27.4,21.8,2.293353322890988,1.0978758681014855,2.707463522277394,2.015378041627472,0.2859244849981505
2025-12-28,22.2,17.6,32.2,23.2,21.2,1.9746295585712634,1.893546700540669,2.416616134359582,1.284764322337637,0.11695757549613821
2026-01-04,22.8,15.0,25.4,23.4,21.6,2.0481811964912002,1.4233775722811515,1.0039288216159223,1.3195554518276291,0.22960218183081338
2026-01-11,22.0,6.4,23.6,17.6,18.0,1.9501123459312848,-0.1317972365772519,0.6299821800073074,0.3106126966178578,-0.7841992751812582
2026-01-18,21.0,8.2,21.8,17.0,17.2,1.827526282731391,0.19370446760241375,0.2560355383986917,0.20623930814788116,-1.0094884878506074
2026-01-25,23.2,9.6,25.6,17.8,19.0,2.0972156217711575,0.4468724597421539,1.0454784484613246,0.3454038261078498,-0.5025877593445718
2026-02-01,21.6,4.6,25.0,16.0,19.8,1.9010779206513275,-0.45729894075691785,0.9208295679251193,0.032283660697920526,-0.2772985466752224
2026-02-08,15.6,9.6,18.4,10.0,20.2,1.165561541451964,0.4468724597421539,-0.45030811797313813,-1.0114502240018433,-0.16465394034054823
2026-02-15,12.6,0.0,10.8,6.8,10.6,0.7978033518522823,-1.2891366292160638,-2.0291939380984036,-1.5681082958417172,-2.8681244923727376
2026-02-22,21.8,6.6,25.0,15.6,26.2,1.9255951332913062,-0.09563038055728916,0.9208295679251193,-0.03729859828206379,1.5250151546795703
2026-03-01,25.8,9.4,27.2,18.2,26.2,2.4159393860908818,0.41070560372219117,1.377875463224538,0.4149860850878338,1.5250151546795703
2026-03-08,28.6,13.4,30.6,22.4,30.2,2.7591803630505845,1.1340427241214486,2.084219119596368,1.1455998043776683,2.651461218026316
2026-03-15,30.6,11.6,30.8,23.0,27.0,3.004352489450372,0.8085410199417826,2.1257687464417696,1.249973192847645,1.7503043673489196
2026-03-22,32.4,3.8,29.4,20.8,27.6,3.225007403210181,-0.6019663648367692,1.834921358523957,0.8672707684577318,1.919271276850932
